boot_delta,null_delta
0.009852761371412213,0.009714122742950323
-0.004057795854171254,-0.004196434482633144
-0.007409981640407692,-0.007548620268869582
-0.012386576175524858,-0.012525214803986748
-0.011215650415174134,-0.011354289043636024
0.004447814238901979,0.004309175610440089
-0.012010135774508537,-0.012148774402970427
-0.007636130402089841,-0.007774769030551731
0.0016990124926411908,0.0015603738641793011
-0.008439739078665942,-0.008578377707127832
-0.001590905125763167,-0.0017295437542250566
-0.014354685608479674,-0.014493324236941564
-0.005365447812996387,-0.005504086441458277
0.005909023486919341,0.005770384858457451
-0.00882914298381991,-0.008967781612281801
-0.006659759877049163,-0.006798398505511053
0.016578089410049457,0.016439450781587567
-0.0002447742858737284,-0.00038341291433561814
-0.00674646423460923,-0.00688510286307112
0.019667904749020422,0.019529266120558532
0.011034255928594146,0.010895617300132256
-0.013095673091123571,-0.013234311719585461
0.004436118441785072,0.004297479813323182
-0.004099524099105994,-0.004238162727567884
-0.006804930573102935,-0.006943569201564825
-0.007635168863283132,-0.007773807491745022
0.0016492842908198573,0.0015106456623579676
-0.0032071116563118255,-0.0033457502847737152
0.012600308802317736,0.012461670173855846
-0.012636184241411259,-0.012774822869873149
-0.0043939103531458945,-0.004532548981607785
-0.00044453613183952973,-0.0005831747603014195
-0.011656934985389753,-0.011795573613851643
0.004660118071811905,0.004521479443350015
0.0064410059646901885,0.006302367336228298
0.0005802029731015948,0.00044156434463970504
0.0007630847786577455,0.0006244461501958558
-0.00040014968639374857,-0.0005387883148556383
0.006454659906450858,0.006316021277988968
0.0005765823189238204,0.0004379436904619306
-0.01048575929441164,-0.01062439792287353
-0.006448177950804238,-0.006586816579266128
0.0027499739416125797,0.00261133531315069
-0.0049776751613259205,-0.005116313789787811
-0.0016306968464801803,-0.00176933547494207
0.002515329162368551,0.0023766905339066614
0.0024514195042822187,0.002312780875820329
0.0023632745291273472,0.0022246359006654576
0.007399278344249466,0.007260639715787576
0.01191185436777328,0.01177321573931139
-0.009506989806677303,-0.009645628435139194
-0.000533140295727538,-0.0006717789241894277
-0.004126978118505172,-0.004265616746967062
0.004976942022000405,0.004838303393538515
-0.012913384491061294,-0.013052023119523184
-0.012255152571995507,-0.012393791200457397
-0.010831842013733344,-0.010970480642195234
-0.02069184434743413,-0.02083048297589602
-0.016633072408832748,-0.016771711037294638
-0.0052741671834218035,-0.005412805811883694
-0.010791962827962779,-0.010930601456424669
-0.011366870626507037,-0.011505509254968927
-0.016912661928097313,-0.017051300556559203
-0.00516085648183462,-0.00529949511029651
0.0015282889958520064,0.0013896503673901167
-0.00739693213945336,-0.00753557076791525
-0.005852529964358194,-0.0059911685928200845
0.004301403633809599,0.004162765005347709
-0.009594561139173337,-0.009733199767635228
-0.00880996394410104,-0.00894860257256293
-0.008374207209200313,-0.008512845837662203
-0.01360879519958719,-0.01374743382804908
0.01706575370033357,0.01692711507187168
0.017923470899394018,0.017784832270932128
-0.0035325038665092712,-0.003671142494971161
-0.002033500830587834,-0.0021721394590497236
-0.00483437598335349,-0.00497301461181538
0.003137985011638099,0.0029993463831762095
0.016373403162148404,0.016234764533686514
0.00485345119122031,0.00471481256275842
-0.008778179124046426,-0.008916817752508317
-0.011102101387115133,-0.011240740015577023
-0.02129982853015708,-0.02143846715861897
-0.00414202863860267,-0.00428066726706456
-0.009130767987754862,-0.009269406616216752
-0.0008192093361922578,-0.0009578479646541475
0.008919099668066822,0.008780461039604932
0.008338053160206417,0.008199414531744527
0.0031419601329570196,0.00300332150449513
-0.012661698630575587,-0.012800337259037477
-0.0026332465150424983,-0.002771885143504388
-0.009742469274730834,-0.009881107903192724
-0.016316251856985292,-0.016454890485447182
0.005469350478186228,0.005330711849724338
-0.020399592177135276,-0.020538230805597166
-0.0003383784405520941,-0.00047701706901398386
-0.0012620546562229812,-0.001400693284684871
0.002023544102803439,0.0018849054743415492
-0.007562648286230912,-0.007701286914692802
0.00606500184820463,0.00592636321974274
-0.013660063064899483,-0.013798701693361374
0.010961088689471349,0.010822450061009459
-0.004606758288592213,-0.0047453969170541035
-0.01660377691623352,-0.01674241554469541
-0.009149623216956088,-0.009288261845417978
-0.005973794826104618,-0.006112433454566508
-0.0028758924023673726,-0.0030145310308292623
-0.0030538081197892222,-0.003192446748251112
-0.01954688245273698,-0.01968552108119887
-0.0002318824423339798,-0.00037052107079586956
0.0010089007030792806,0.0008702620746173909
-0.019139642994939945,-0.019278281623401835
-0.008301613663063935,-0.008440252291525825
0.0012683140607540869,0.0011296754322921972
-0.0002812446841859122,-0.0004198833126478019
0.0009649851667842916,0.0008263465383224018
-0.009602493954892799,-0.009741132583354689
0.0004417162420863429,0.0003030776136244532
-0.001792307648490252,-0.0019309462769521418
-0.010394415860381055,-0.010533054488842945
0.006052798997805062,0.005914160369343172
-0.015350413457286693,-0.015489052085748583
-0.005458033562472848,-0.005596672190934738
0.010473639657790867,0.010335001029328977
0.009318714222036135,0.009180075593574245
-0.0014271959291124738,-0.0015658345575743635
0.007905466926263002,0.007766828297801112
-0.0037436278410639206,-0.0038822664695258103
0.00923778114738382,0.009099142518921929
-0.0018344141733436688,-0.0019730528018055585
-0.017484124269573798,-0.017622762898035688
-0.018447116510148652,-0.018585755138610542
-0.002126315437662856,-0.002264954066124746
0.00909064291623051,0.00895200428776862
-0.001144586008661657,-0.0012832246371235468
-0.015595538651570824,-0.015734177280032714
0.0021108905966441484,0.0019722519681822587
-0.0022404381059938257,-0.0023790767344557154
-0.006367832712049223,-0.006506471340511113
0.005592271062464573,0.005453632434002683
-0.009500514186203804,-0.009639152814665694
-0.0013478816275951991,-0.0014865202560570888
-0.012362037414017599,-0.01250067604247949
-0.008607827735578315,-0.008746466364040206
-0.0016614499850335232,-0.001800088613495413
0.0014904645200383123,0.0013518258915764226
-0.002265463396732108,-0.002404102025193998
-0.02733390696771465,-0.02747254559617654
0.0006069806376715819,0.00046834200920969215
-0.0100917617023273,-0.01023040033078919
0.010189426866609461,0.01005078823814757
-0.00903696183535553,-0.00917560046381742
-0.011643241287030738,-0.011781879915492628
-0.017500446958117692,-0.017639085586579582
-0.013171402215631891,-0.013310040844093781
-0.015303815131731638,-0.015442453760193528
-0.00020508852560988442,-0.00034372715407177416
0.0018770931202067747,0.001738454491744885
0.00159120247849912,0.0014525638500372303
-0.0017785027673664815,-0.0019171413958283712
-0.006119587059397642,-0.006258225687859532
0.0071657813929733045,0.007027142764511414
0.006519725040142468,0.006381086411680578
-0.002940553340910879,-0.0030791919693727685
-0.012125614527744763,-0.012264253156206653
0.0058209398740589864,0.005682301245597096
-0.008539735169238453,-0.008678373797700343
0.003113100095547578,0.002974461467085688
0.0032691367382283246,0.003130498109766435
-0.009639852174322318,-0.009778490802784208
-0.016005936350753636,-0.016144574979215526
0.0013438705558859322,0.0012052319274240425
0.006293359333099234,0.006154720704637344
0.004929020004679682,0.004790381376217792
-0.021441709539893553,-0.021580348168355443
0.0023037934626845345,0.002165154834222645
0.00021224033721913544,7.36017087572457e-05
-0.009956358433981271,-0.010094997062443161
-0.004948336320214476,-0.005086974948676366
-0.004835597521226985,-0.004974236149688875
0.0016567946794047463,0.0015181560509428566
0.017628732411211,0.01749009378274911
-0.037219136709504955,-0.037357775337966845
-0.003357997074826444,-0.0034966357032883335
-0.00612931958427769,-0.00626795821273958
-0.015064518382647926,-0.015203157011109816
-0.008772730615176685,-0.008911369243638575
-0.003911740185425901,-0.004050378813887791
-0.018325380424760514,-0.018464019053222404
-0.0014445904533062323,-0.001583229081768122
0.002765406085117793,0.002626767456655903
-0.011453406224776414,-0.011592044853238304
0.0034960457843245074,0.0033574071558626177
-0.0008007763634753819,-0.0009394149919372716
-0.0023328745874406326,-0.0024715132159025223
-0.005741000147126922,-0.005879638775588812
0.014474506467068314,0.014335867838606424
0.00428433139992736,0.00414569277146547
-0.014103117231930605,-0.014241755860392495
-0.014321682303573224,-0.014460320932035114
0.006300707363157299,0.006162068734695409
-0.009307663823188051,-0.009446302451649942
-0.006097129214378031,-0.006235767842839921
-0.008606503357001605,-0.008745141985463495
-0.002193958442238764,-0.0023325970707006537
-0.004814796539793252,-0.004953435168255142
-0.016265990576107146,-0.016404629204569036
0.0019171555909519888,0.001778516962490099
-0.0075621285087321835,-0.007700767137194074
0.005233048060906918,0.005094409432445028
-0.009433931193776977,-0.009572569822238867
0.001962587658344029,0.0018239490298821394
-0.006199323076145089,-0.006337961704606979
-0.006202029503610594,-0.006340668132072484
-0.012878753655312124,-0.013017392283774014
0.0034174387958773042,0.0032788001674154145
-0.0021484767393663254,-0.002287115367828215
-0.015660912518484157,-0.015799551146946048
1.7126791827065188e-05,-0.00012151183663482455
-0.0058426948968202125,-0.005981333525282103
0.0004697358018791146,0.00033109717341722484
0.007356308549091211,0.0072176699206293205
-0.005256113625826432,-0.005394752254288322
-0.003100517521929966,-0.0032391561503918556
0.0016221143213470865,0.0014834756928851969
-0.006906802619280832,-0.0070454412477427225
0.004312928144553353,0.004174289516091463
-0.00998408452134003,-0.01012272314980192
-0.0020690185485490627,-0.0022076571770109524
-0.006369282543958587,-0.006507921172420477
0.0008899249258966616,0.0007512862974347718
-0.0274069888304121,-0.02754562745887399
0.004910370858160314,0.004771732229698424
-0.018429164505919946,-0.018567803134381836
0.005175587246842696,0.005036948618380806
-0.010381430876584096,-0.010520069505045986
0.003437987893415506,0.0032993492649536164
-0.005767143895669089,-0.005905782524130979
-0.010104364293764405,-0.010243002922226295
-0.012904030476971506,-0.013042669105433396
-0.0067265327158839185,-0.006865171344345809
-0.01016650420882314,-0.01030514283728503
-0.010585622999616956,-0.010724261628078846
0.0039820616084434496,0.00384342297998156
-0.003938944926558277,-0.004077583555020167
0.009044093758634473,0.008905455130172582
-0.0048373857703625026,-0.004976024398824393
0.0017845953040249748,0.0016459566755630851
-0.006241993177663917,-0.006380631806125807
0.009846729940680516,0.009708091312218626
0.014859377588401793,0.014720738959939902
0.0069781994449843255,0.006839560816522435
0.010376254791105191,0.010237616162643301
-0.00792774843322323,-0.00806638706168512
0.00881150109351596,0.00867286246505407
-0.007919117308828692,-0.008057755937290582
0.005131633267329193,0.0049929946388673025
-0.034454044640875356,-0.034592683269337246
-0.017393062456397435,-0.017531701084859325
-0.017340882090636597,-0.017479520719098487
-0.016425383705796496,-0.016564022334258386
-0.0024003329469446904,-0.00253897157540658
0.0012324941203718306,0.0010938554919099409
-0.009006409835893016,-0.009145048464354906
0.007535087476132649,0.007396448847670759
-0.008645363848106602,-0.008784002476568492
-0.012528589453751127,-0.012667228082213017
-0.01748698297582033,-0.01762562160428222
-0.011862394947161414,-0.012001033575623304
0.003121045647666114,0.0029824070192042244
-0.0016226692290786612,-0.0017613078575405509
-0.011103672846884684,-0.011242311475346574
-0.02162745811455671,-0.0217660967430186
-0.001059013127170993,-0.0011976517556328828
-0.009874725292399092,-0.010013363920860982
-0.013414146871365402,-0.013552785499827292
0.006315899114946575,0.0061772604864846845
-0.009269362316542006,-0.009408000945003896
-0.00958985913751052,-0.00972849776597241
0.0008583311221315956,0.0007196924936697059
-0.0009772124708183967,-0.0011158510992802864
0.0011874194777601235,0.0010487808492982338
-0.015408893470458911,-0.015547532098920801
-0.004563112141554469,-0.004701750770016359
0.013165550436791337,0.013026911808329447
0.003550892043523764,0.0034122534150618743
-0.00849423374449022,-0.00863287237295211
-0.012025307575268736,-0.012163946203730626
0.0025026198583517553,0.0023639812298898656
-0.02073522187288098,-0.02087386050134287
-0.012641623467838762,-0.012780262096300652
0.001484544219883538,0.0013459055914216483
0.009818802482713555,0.009680163854251665
-0.013244712756353479,-0.013383351384815369
0.016312094650181932,0.01617345602172004
-0.02193791552893067,-0.02207655415739256
-0.000827570502458157,-0.0009662091309200467
0.005427542764485429,0.005288904136023539
-0.01696866660083313,-0.01710730522929502
-0.018206377162400623,-0.018345015790862514
0.01124448698771551,0.01110584835925362
-0.01028272668296111,-0.010421365311423
-0.014210866853874255,-0.014349505482336145
0.007244311983042545,0.007105673354580655
-0.005818148709434668,-0.005956787337896558
0.010449498600994965,0.010310859972533075
-0.008023308244211593,-0.008161946872673484
0.003520003292727842,0.003381364664265952
-0.011550687071987812,-0.011689325700449702
0.001994650761321025,0.0018560121328591354
0.0011625474186639133,0.0010239087902020236
0.0124386104492667,0.01229997182080481
-0.007712896530929833,-0.007851535159391724
-0.01270193222746196,-0.01284057085592385
-0.0020866378791281445,-0.0022252765075900342
0.005340364717084891,0.005201726088623001
-0.013641192874670683,-0.013779831503132573
-0.01483875260913288,-0.01497739123759477
-0.013727353135205565,-0.013865991763667455
-0.005962581353430025,-0.006101219981891915
-0.0040665565259159564,-0.0042051951543778466
-0.0037911644011674214,-0.003929803029629311
-0.0024995304513016426,-0.0026381690797635323
-0.0154141230831559,-0.01555276171161779
0.0040736754501891495,0.003935036821727259
0.0019305929046003606,0.001791954276138471
-0.015725668650216025,-0.015864307278677915
-0.02721321109609789,-0.02735184972455978
0.018361609154427472,0.01822297052596558
-0.008993610710113146,-0.009132249338575036
0.004650024612070142,0.004511385983608252
-0.0030360494168192274,-0.003174688045281117
-0.0025950555840868277,-0.0027336942125487174
-0.002791937367436196,-0.0029305759958980857
-0.003804297259505204,-0.003942935887967094
-0.0054915134468855875,-0.005630152075347478
-0.0010553019062904273,-0.001193940534752317
-0.0037578359180268366,-0.0038964745464887263
-0.012694938883115276,-0.012833577511577167
-0.0027761452992811956,-0.0029147839277430853
-7.816579923127126e-06,-0.00014645520838501688
0.005712787915848493,0.005574149287386603
0.0034652997975521994,0.0033266611690903098
-0.002776007236830827,-0.002914645865292717
-0.006318170091226839,-0.006456808719688729
-0.006241346906973035,-0.006379985535434925
-0.010172872174093826,-0.010311510802555716
-0.0217701275684563,-0.02190876619691819
-0.00828554437738702,-0.00842418300584891
-0.007808242281101124,-0.007946880909563013
-0.014458969848892687,-0.014597608477354578
-0.005240215071752987,-0.005378853700214877
-0.0015155096828655308,-0.0016541483113274205
-0.002854534444187764,-0.0029931730726496537
-0.026484435933221022,-0.026623074561682912
-0.0026475018382189418,-0.0027861404666808314
-0.008800523691074851,-0.008939162319536741
0.004328716777060258,0.004190078148598368
-0.005674540634210757,-0.0058131792626726474
-0.010430168952363835,-0.010568807580825726
0.004080544652527353,0.0039419060240654625
-0.00697098853411817,-0.00710962716258006
0.012216088257844673,0.012077449629382783
-0.0027934744471170268,-0.0029321130755789165
-0.002925221076824374,-0.003063859705286264
0.004729860908641231,0.0045912222801793405
-0.009482458150383788,-0.009621096778845678
-0.008397181951217848,-0.008535820579679738
0.0026559993211963955,0.0025173606927345058
-0.007713227599697876,-0.007851866228159766
-0.003945923658079751,-0.004084562286541641
-0.008789641710917553,-0.008928280339379443
-0.018404503439319302,-0.018543142067781192
0.0033606666826841362,0.0032220280542222465
-0.009165289971437281,-0.009303928599899172
-0.007021506898760327,-0.007160145527222217
0.024010620549002236,0.023871981920540346
-0.005228175759527282,-0.005366814387989172
-0.0075255924187782874,-0.0076642310472401776
-0.017160790170939057,-0.017299428799400947
-0.0024758308030766005,-0.00261446943153849
0.0024099441547777724,0.0022713055263158827
0.008783293467447344,0.008644654838985454
-0.0016305159425576133,-0.001769154571019503
1.1584433235584776e-05,-0.00012705419522630496
0.0016839846265931625,0.0015453459981312728
0.0001959244708525951,5.728584239070536e-05
-0.006048299242525301,-0.006186937870987191
-0.0137942465285959,-0.01393288515705779
-0.0033721874115515992,-0.003510826040013489
-0.005521130275925345,-0.005659768904387235
0.016990106004357308,0.016851467375895417
-0.012022569657715245,-0.012161208286177136
0.009444283685085498,0.009305645056623608
-0.0019173800614084734,-0.0020560186898703633
0.005217239020865212,0.005078600392403322
-0.0037472092547597233,-0.003885847883221613
-0.009836466842461221,-0.009975105470923111
0.004725272332934239,0.004586633704472349
-0.006245717378679688,-0.006384356007141578
0.00484526574645147,0.00470662711798958
-0.0029191773868028096,-0.0030578160152646993
-0.008707551076754926,-0.008846189705216816
0.004089489811566047,0.003950851183104157
-0.0057322628205404265,-0.005870901449002317
0.004308884730081291,0.004170246101619401
0.0029846938602018365,0.002846055231739947
0.008645576821399133,0.008506938192937243
-0.004969839437093768,-0.005108478065555658
0.006273642822405982,0.006135004193944092
-0.010236662314343682,-0.010375300942805572
-0.00017851031352529885,-0.0003171489419871886
-0.008537046699272232,-0.008675685327734122
0.0047257638680489236,0.004587125239587033
-0.00012967164716521488,-0.0002683102756271046
-0.004382440310135726,-0.004521078938597616
-0.00600084348489037,-0.00613948211335226
-0.0003964801549218911,-0.0005351187833837808
-0.010916177351542827,-0.011054815980004717
0.0016352184085721535,0.0014965797801102638
-0.005123827700963493,-0.005262466329425383
-0.0009587482530033137,-0.0010973868814652035
0.006529350523229395,0.006390711894767505
0.0027188992145962495,0.00258026058613436
-0.00038123169249168747,-0.0005198703209535773
0.007219112756431607,0.007080474127969717
-0.0008172857004792415,-0.0009559243289411312
-0.004122547761682995,-0.004261186390144885
-0.00476348313590594,-0.00490212176436783
-0.021014280117374447,-0.021152918745836337
-0.008813129912713788,-0.008951768541175678
0.0022358282832354217,0.002097189654773532
-0.01029183835151078,-0.01043047697997267
-0.01029085686785092,-0.01042949549631281
0.00023231335898906018,9.367473052717044e-05
-0.010668861736423186,-0.010807500364885076
-0.0009567452788350851,-0.0010953839072969749
-0.013943866413085784,-0.014082505041547674
-0.0012647529036058677,-0.0014033915320677574
-0.008744107759663848,-0.008882746388125739
0.006922488996996214,0.006783850368534324
0.0018022036455860569,0.0016635650171241672
0.00679985600092597,0.00666121737246408
-0.00808882816292292,-0.00822746679138481
-0.013526744762784594,-0.013665383391246485
-0.004205166445687971,-0.004343805074149861
0.01765758716847877,0.01751894854001688
-0.004843256621620474,-0.004981895250082364
0.008171328560818033,0.008032689932356143
0.004570090810457235,0.004431452181995345
0.008285187003179645,0.008146548374717755
-0.018931447919250097,-0.019070086547711987
-0.004722927383565372,-0.004861566012027262
0.0033480274056608356,0.003209388777198946
0.012099030955524236,0.011960392327062346
0.006134008489893136,0.005995369861431246
-0.0029565744781383774,-0.003095213106600267
-0.01553638199461949,-0.01567502062308138
0.005900376735810105,0.005761738107348215
-0.011656384366389836,-0.011795022994851726
-0.0036972434593475077,-0.0038358820878093974
0.00715734055300432,0.00701870192454243
-0.003046354579148617,-0.0031849932076105066
-0.007595219890830689,-0.007733858519292579
-0.006561495494732519,-0.0067001341231944095
-0.016214330358575293,-0.016352968987037184
-0.011556914054239299,-0.011695552682701189
-0.007337278224503923,-0.007475916852965813
0.01854742981151371,0.01840879118305182
0.0025589041775552854,0.0024202655490933958
0.0030910146332652814,0.0029523760048033917
0.006083498021540711,0.005944859393078821
-0.004994764965946647,-0.005133403594408537
-0.008179788670902313,-0.008318427299364203
-0.0035776254034746687,-0.0037162640319365584
-0.005450223659647794,-0.0055888622881096845
-0.0005352884103723705,-0.0006739270388342602
0.004074319485814479,0.003935680857352589
-0.008457584178120134,-0.008596222806582024
0.002676844497831924,0.0025382058693700343
0.0002954185879620256,0.00015677995950013588
-0.017574310611592127,-0.017712949240054017
-0.0018295275057980194,-0.001968166134259909
-0.001028384630959596,-0.0011670232594214857
-0.0029921499402469007,-0.0031307885687087904
-0.0017946928557946824,-0.001933331484256572
-0.00019039824194301127,-0.00032903687040490104
-0.0074944097515850456,-0.007633048380046936
-0.01697963030138017,-0.01711826892984206
0.00803454891299555,0.00789591028453366
-3.508935333171521e-05,-0.00017372798179360495
-0.0192007852890078,-0.01933942391746969
-0.00016693254004450505,-0.0003055711685063948
-0.005013731305525455,-0.005152369933987345
-0.0013649568239058499,-0.0015035954523677396
-0.005774331367802108,-0.005912969996263998
0.020347695469050638,0.020209056840588747
-0.01037924765772875,-0.01051788628619064
0.01314144848922029,0.0130028098607584
-0.009639649885237819,-0.009778288513699709
-0.016584553950748124,-0.016723192579210015
0.001516268201505724,0.0013776295730438344
-0.010822935607032916,-0.010961574235494806
0.01231395555787805,0.01217531692941616
-0.02504323303014217,-0.02518187165860406
-0.011788163775827254,-0.011926802404289144
0.003059314362898818,0.002920675734436928
0.004864343806260242,0.004725705177798352
-0.004607701053868932,-0.0047463396823308225
-0.011847079212031346,-0.011985717840493236
0.002173136888597583,0.0020344982601356934
-0.010944343962906979,-0.011082982591368869
-0.012514720117917589,-0.012653358746379479
-0.013851451879012029,-0.013990090507473919
-0.00019674484503663043,-0.0003353834734985202
-0.008080123946300878,-0.008218762574762768
0.002847345643099867,0.0027087070146379773
0.0004741701437015854,0.00033553151523969566
0.003075118326965937,0.0029364796985040472
-0.006510773345712474,-0.0066494119741743645
-0.00022837464489616505,-0.0003670132733580548
-0.013023966000881222,-0.013162604629343112
-0.0031013124504097544,-0.003239951078871644
-0.00916923509114327,-0.00930787371960516
-0.007378211324420997,-0.007516849952882887
0.0014251553981324658,0.001286516769670576
-0.0013888028722308203,-0.00152744150069271
7.710562832929506e-05,-6.153300013259468e-05
-0.00021761752871099247,-0.00035625615717288224
-0.000637977212915447,-0.0007766158413773368
-0.015148635411206387,-0.015287274039668277
-0.01351857775781381,-0.0136572163862757
-0.009850347806978693,-0.009988986435440583
-0.006184968479598657,-0.006323607108060547
-0.008826341608553336,-0.008964980237015226
0.0006709804386959441,0.0005323418102340543
0.012211828731194337,0.012073190102732447
-0.011442005863498332,-0.011580644491960222
-0.00022092615792010378,-0.00035956478638199353
-0.0046571599779988366,-0.004795798606460727
0.0025075506267019936,0.002368911998240104
0.012109532488047478,0.011970893859585588
-0.016881261668109028,-0.017019900296570918
0.0017138929930891522,0.0015752543646272625
0.0019424083604259246,0.001803769731964035
-0.0004361329105727219,-0.0005747715390346116
0.004431515318043847,0.004292876689581957
-0.009000959563446728,-0.009139598191908618
-6.173657166940839e-05,-0.00020037520013129812
0.007349284754085337,0.007210646125623447
0.0019496619448619284,0.0018110233164000387
0.006381505343212906,0.006242866714751016
-0.002344733045546322,-0.0024833716740082115
-0.007006492774071515,-0.007145131402533405
-0.009942238253881484,-0.010080876882343374
-0.009187505464060412,-0.009326144092522302
0.0041224488524671836,0.0039838102240052934
-0.009091228387742255,-0.009229867016204145
-0.007926464526448457,-0.008065103154910347
-0.0026614256106575374,-0.002800064239119427
0.00011897968988228559,-1.9658938579604154e-05
-0.010387083271795699,-0.010525721900257589
0.005191093624404444,0.005052454995942554
-0.015215539693709548,-0.015354178322171438
-0.008129346818609032,-0.008267985447070922
0.00048272074015657287,0.00034408211169468313
0.00964327699898285,0.00950463837052096
0.0035899938243793336,0.003451355195917444
-0.010293901707830318,-0.010432540336292208
-0.0020187956657326984,-0.002157434294194588
-0.014768315056251502,-0.014906953684713392
0.0017192366509073563,0.0015805980224454666
0.011757263508693322,0.011618624880231432
-0.012962043554851501,-0.013100682183313391
0.00953326003735727,0.00939462140889538
-0.024002286246125742,-0.024140924874587633
-0.011773750895307874,-0.011912389523769764
-0.016529099820015294,-0.016667738448477184
0.010999531740971576,0.010860893112509686
-0.009817610253738368,-0.009956248882200258
-0.005759217502026661,-0.005897856130488551
0.01321659702117626,0.01307795839271437
-0.01214879171994161,-0.0122874303484035
-0.0037089456982940558,-0.0038475843267559455
-0.0012379114928468566,-0.0013765501213087463
-0.0024865338659835782,-0.002625172494445468
-0.0021065662584976823,-0.002245204886959572
0.003882930276500244,0.003744291648038354
0.00046843390180259514,0.0003297952733407054
0.013364632242352101,0.013225993613890211
-0.0084074003244082,-0.00854603895287009
0.0031879358135189838,0.003049297185057094
0.004171984089583953,0.004033345461122063
0.017919001366949606,0.017780362738487716
-0.007519104650050587,-0.007657743278512477
-0.01637930169747857,-0.01651794032594046
-0.009183649862171874,-0.009322288490633764
-0.011080026304427027,-0.011218664932888917
-0.014587737489848013,-0.014726376118309903
0.0019007049570244664,0.0017620663285625767
-0.006552704188849331,-0.006691342817311221
-0.02441148103786079,-0.02455011966632268
-0.006917561762249107,-0.007056200390710997
0.010211541868426266,0.010072903239964376
-0.004025588445624499,-0.004164227074086389
-0.012242237518211557,-0.012380876146673447
0.012513331259138482,0.012374692630676592
-0.00020057188459804003,-0.0003392105130599298
-0.009773620540045087,-0.009912259168506977
-0.005117317624891913,-0.005255956253353803
0.005099720290671813,0.004961081662209923
-0.011090045037348298,-0.011228683665810188
0.008367070470084793,0.008228431841622903
-0.007531829031452303,-0.007670467659914193
-0.01490105768698456,-0.01503969631544645
-0.01199266209368445,-0.01213130072214634
0.013683853102680379,0.013545214474218489
-0.007374876564939374,-0.007513515193401264
-0.001924708423941979,-0.0020633470524038687
-0.009481731174770384,-0.009620369803232274
-0.015255752388279292,-0.015394391016741182
-0.0015770460374588697,-0.0017156846659207594
0.0002762329924961389,0.00013759436403424914
-0.024817319388982326,-0.024955958017444217
0.007642758449396939,0.007504119820935049
-0.007872836649512006,-0.008011475277973896
0.0026590206270321612,0.0025203819985702715
-0.015865409248768208,-0.016004047877230098
-0.026278841512396657,-0.026417480140858547
0.0023709272963818,0.00223228866791991
0.007417845517827307,0.007279206889365417
-0.010043960397414944,-0.010182599025876834
-0.01635286336959004,-0.01649150199805193
0.008421490436326014,0.008282851807864124
0.011651020035922777,0.011512381407460887
0.007503011910965115,0.007364373282503225
-0.00949612909352855,-0.00963476772199044
0.02943051729256382,0.02929187866410193
-0.009251038666668833,-0.009389677295130723
0.0032044613219971044,0.0030658226935352147
-0.004445434308560851,-0.004584072937022741
-0.004590603471321565,-0.004729242099783455
-0.020404067863895987,-0.020542706492357878
-0.0016703772187761944,-0.0018090158472380841
-0.006762427591861046,-0.006901066220322936
-0.003103055953004731,-0.0032416945814666208
-0.010737232666785942,-0.010875871295247832
-0.01088410084579353,-0.01102273947425542
-0.005495173760528137,-0.005633812388990027
-0.0022340862985088497,-0.0023727249269707394
-0.005605213016107126,-0.0057438516445690166
-0.013562401571337921,-0.013701040199799812
0.0038324049991621985,0.003693766370700309
-0.0020038748034780863,-0.002142513431939976
0.005276155270377176,0.005137516641915286
0.006897567990289957,0.006758929361828067
0.004641406922808303,0.004502768294346413
-0.0023151684768093115,-0.002453807105271201
-0.006098099623145552,-0.006236738251607442
-0.027605640101055155,-0.027744278729517045
-0.005853539608680112,-0.005992178237142002
-0.0006406282627022736,-0.0007792668911641633
-0.006201954530971807,-0.006340593159433697
-0.007582214351029172,-0.007720852979491062
-0.0025410053016063005,-0.00267964393006819
0.0013788473166566173,0.0012402086881947276
0.004504373853644018,0.004365735225182128
-0.005649601648173113,-0.005788240276635003
-0.005780997015616436,-0.005919635644078326
-0.0034716341807764276,-0.0036102728092383173
-0.010030641121342053,-0.010169279749803943
0.0010889576958997766,0.0009503190674378869
-0.001133827377514983,-0.0012724660059768727
-0.024632874498406468,-0.024771513126868358
0.004661735380389223,0.004523096751927333
-0.0036211250637801836,-0.0037597636922420733
0.0006970109703539466,0.0005583723418920569
0.002506106999420999,0.0023674683709591095
-0.0027936644646074224,-0.002932303093069312
-0.0060764220638297095,-0.0062150606922916
-0.013266139569397461,-0.013404778197859351
0.0034944324702738928,0.003355793841812003
-0.004021367275440438,-0.0041600059039023285
-0.005981650069961684,-0.006120288698423574
0.011617641426949526,0.011479002798487636
-0.009896363528667516,-0.010035002157129406
-0.008612868211966817,-0.008751506840428707
0.009747466846801724,0.009608828218339834
-0.012824008652533784,-0.012962647280995674
-0.0006510232280484239,-0.0007896618565103137
-0.001715702839583694,-0.0018543414680455836
-0.001076386407899504,-0.0012150250363613937
-0.011819422951811417,-0.011958061580273308
0.0009716042156966994,0.0008329655872348096
-0.012921409317266468,-0.013060047945728358
-0.007473299974676356,-0.007611938603138246
0.007081534068282063,0.006942895439820173
-0.0008797452266596237,-0.0010183838551215134
-0.011304927230958864,-0.011443565859420754
0.01788407127188755,0.01774543264342566
-0.005383074365459556,-0.005521712993921446
-0.00877150160604187,-0.00891014023450376
-0.005021430821416561,-0.005160069449878451
-0.0020256236528330414,-0.002164262281294931
-0.010260379780191113,-0.010399018408653003
-0.017316346396371158,-0.017454985024833048
0.010819946132464587,0.010681307504002696
-0.010063910513472194,-0.010202549141934084
0.005646456252090372,0.005507817623628482
-0.009614250929795847,-0.009752889558257738
-0.01619906120470476,-0.01633769983316665
-0.0013884068760855724,-0.001527045504547462
-0.004483490528291408,-0.004622129156753298
-0.019873830124051396,-0.020012468752513286
-0.020377670966800168,-0.02051630959526206
0.0007088318858788227,0.0005701932574169329
0.0072286567798533615,0.007090018151391471
-0.0009211512721546271,-0.001059789900616517
-0.002911551284517511,-0.003050189912979401
-0.0030403074765696274,-0.003178946105031517
-0.0033270478253119213,-0.003465686453773811
0.0016348173661783236,0.0014961787377164339
-0.0009395773345201316,-0.0010782159629820214
-0.009567497153973443,-0.009706135782435333
-0.011616441632494782,-0.011755080260956672
0.018118643911639,0.01798000528317711
-0.00017709576880316888,-0.00031573439726505865
-0.014896562080330475,-0.015035200708792365
0.00705694131722702,0.00691830268876513
0.001264756620955828,0.0011261179924939382
-0.0034053276773045003,-0.00354396630576639
-0.006934212641960997,-0.007072851270422887
0.0018113153560786323,0.0016726767276167426
-0.001365942924352816,-0.0015045815528147057
-0.019247872560362065,-0.019386511188823955
-0.004758376027654579,-0.004897014656116469
-0.0053063702551156494,-0.00544500888357754
-0.004248394942142479,-0.004387033570604369
-0.025462533100766384,-0.025601171729228274
0.018038500670909428,0.017899862042447538
0.0033604030663439517,0.003221764437882062
-0.0009462458770675774,-0.0010848845055294672
0.006808235952142266,0.006669597323680376
0.0006419982464459967,0.0005033596179841069
-0.000671453319129425,-0.0008100919475913146
0.004930867554752412,0.004792228926290522
-0.007042890282121891,-0.0071815289105837815
-0.0029874904310934727,-0.0031261290595553624
0.006765131208470723,0.006626492580008833
0.0111117214470176,0.01097308281855571
-0.01675565443488767,-0.01689429306334956
-0.0060728899939453814,-0.006211528622407272
0.014707381565016112,0.014568742936554222
-0.01688600221295111,-0.017024640841413
-0.011416150210852483,-0.011554788839314373
0.0018230170529033966,0.001684378424441507
-0.007413313690764421,-0.007551952319226311
-0.007065055072977457,-0.007203693701439347
-3.242456456975088e-05,-0.00017106319303164064
-0.004537471076539314,-0.0046761097050012045
-0.0036435381576396214,-0.003782176786101511
0.002781865990483185,0.0026432273620212955
-0.02641248923563935,-0.02655112786410124
-0.0032070334346698246,-0.0033456720631317143
-0.006518860379516603,-0.006657499007978493
-0.005400418877697619,-0.005539057506159509
-0.013330403568501143,-0.013469042196963033
-0.011133729637198025,-0.011272368265659916
-0.007074602044896397,-0.007213240673358287
-0.009638286653294232,-0.009776925281756122
-0.010974644068643598,-0.011113282697105488
-0.00723802702380401,-0.0073766656522659
0.0027166064742574175,0.002577967845795528
-0.014195433236048504,-0.014334071864510394
-0.011961133222212792,-0.012099771850674682
-0.012936674128280074,-0.013075312756741965
-0.004524537135136867,-0.0046631757635987574
-0.01518618754447343,-0.01532482617293532
-0.00471673225449663,-0.00485537088295852
-0.015132159439201116,-0.015270798067663006
-0.006492351105488358,-0.006630989733950248
0.0007210004991155184,0.0005823618706536286
-0.020700381072381244,-0.020839019700843134
-0.014504763422914508,-0.014643402051376398
-0.002200822627245174,-0.0023394612557070637
-0.022276891469026457,-0.022415530097488347
-0.009355548324273294,-0.009494186952735184
-0.0032457350217394093,-0.003384373650201299
-0.0018275531600977365,-0.0019661917885596264
-0.005274138474829732,-0.005412777103291622
-0.0029856267596737995,-0.003124265388135689
0.005356555278195457,0.005217916649733567
-0.0031809252551360493,-0.003319563883597939
0.015919955782020895,0.015781317153559005
-0.010066496491153166,-0.010205135119615056
-0.014289842640581923,-0.014428481269043813
-0.01627348362430522,-0.01641212225276711
-0.0013869510781373713,-0.001525589706599261
-0.00258754394712785,-0.0027261825755897397
0.013716393315273918,0.013577754686812028
-0.0005603247560067925,-0.0006989633844686823
-0.00555907853802025,-0.00569771716648214
-0.002670453275155445,-0.0028090919036173347
-0.0030955812493842533,-0.003234219877846143
0.006484476634753329,0.006345838006291439
0.0026422527101885225,0.0025036140817266328
-0.013882019818573565,-0.014020658447035456
0.0008679148141321597,0.00072927618567027
0.013840793016703653,0.013702154388241763
-0.0014391184377133312,-0.0015777570661752208
-0.00924756243959176,-0.00938620106805365
0.0066317557227772725,0.006493117094315382
0.0003443061849380017,0.00020566755647611197
-0.0010611690918895284,-0.001199807720351418
-0.018492745005862357,-0.018631383634324247
-0.002006081817111874,-0.0021447204455737638
0.002729482194859782,0.0025908435663978924
0.00778917694663727,0.00765053831817538
-0.004536952801491511,-0.004675591429953401
0.0025113760524157593,0.0023727374239538696
-0.002923667574684163,-0.003062306203146053
0.0037242331869891928,0.003585594558527303
-0.014968288040135995,-0.015106926668597885
-0.0028914538814565787,-0.0030300925099184684
-0.017047177779628782,-0.017185816408090672
0.0019367067117284417,0.001798068083266552
0.007531309361778428,0.007392670733316538
-0.004227280942671897,-0.004365919571133787
0.006652351468321944,0.0065137128398600535
-0.020600890518996218,-0.020739529147458108
-0.01973650637907979,-0.01987514500754168
-0.006285518543125259,-0.006424157171587149
-0.013550233584428027,-0.013688872212889917
0.001770403872468965,0.0016317652440070753
0.0037221346055559966,0.003583495977094107
-0.02166275605138122,-0.02180139467984311
-0.0055812868793610115,-0.005719925507822902
-0.006114051253947479,-0.006252689882409369
-0.005034110967940088,-0.005172749596401978
-0.012895189545045803,-0.013033828173507693
-0.016205390278670663,-0.016344028907132553
-0.006338214496549625,-0.006476853125011515
0.0114786869865075,0.01134004835804561
-0.01669620948282497,-0.01683484811128686
-0.009924969479669423,-0.010063608108131313
-0.018116214573897515,-0.018254853202359405
-0.022916335531148923,-0.023054974159610813
0.005699343771871392,0.005560705143409502
-0.02895920093903285,-0.02909783956749474
-0.006143999846023929,-0.006282638474485819
-0.011412236644300338,-0.011550875272762228
-0.003543921513425622,-0.003682560141887512
-0.008036093362713144,-0.008174731991175034
0.0030681838445070038,0.002929545216045114
-0.004232434165663966,-0.004371072794125856
0.003341414493967001,0.0032027758655051113
-0.014588011407593506,-0.014726650036055396
0.006540751161702896,0.006402112533241006
0.0032030335702509325,0.003064394941789043
-0.00632200216641186,-0.00646064079487375
-0.0032736617011647055,-0.003412300329626595
-0.0037974223873376775,-0.003936061015799568
-0.005271811142395179,-0.0054104497708570695
-0.0003761455852312892,-0.0005147842136931789
-0.02108982870455737,-0.02122846733301926
-0.006299323362719333,-0.006437961991181223
0.0009724603262858042,0.0008338216978239145
0.008878590331069452,0.008739951702607562
-0.0014675829393201421,-0.0016062215677820318
-0.015569484457783538,-0.01570812308624543
0.0027943363355338127,0.002655697707071923
-0.021023127171773532,-0.021161765800235422
-0.004441070983155722,-0.004579709611617612
-0.020363744117428192,-0.020502382745890082
-0.013493993059326652,-0.013632631687788542
0.002057146541184194,0.0019185079127223043
-0.009481187155556448,-0.009619825784018338
0.009927942975769835,0.009789304347307945
0.0031660071815426257,0.003027368553080736
-0.02018425901590618,-0.02032289764436807
0.0029750566821488,0.0028364180536869102
-0.017900021828836373,-0.018038660457298263
-0.0051438863520437885,-0.005282524980505679
-0.0016612872828985115,-0.0017999259113604012
0.012563913405709342,0.012425274777247452
-0.01216465876426068,-0.012303297392722571
0.0019616449305086252,0.0018230063020467356
0.0004336667770524391,0.00029502814859054934
-0.0007637936161642469,-0.0009024322446261367
-0.020538458733503566,-0.020677097361965456
-0.0014473117729671269,-0.0015859504014290166
-0.014808740405096065,-0.014947379033557955
0.0027232035862877787,0.002584564957825889
0.00235137207130474,0.00221273344284285
-0.003965783699574713,-0.004104422328036603
0.0010379325780395898,0.0008992939495777001
0.009751398463780817,0.009612759835318927
0.007440791336086941,0.007302152707625051
-0.018834892777629002,-0.018973531406090892
0.0010708023384875798,0.0009321637100256901
-0.011054862667330209,-0.011193501295792099
-0.013957217337846241,-0.014095855966308132
0.009142475004878536,0.009003836376416646
-0.0072707798883193476,-0.007409418516781238
-0.0019076933274209513,-0.002046331955882841
0.0006522716277083883,0.0005136329992464985
0.0042886715817981895,0.004150032953336299
-0.0021250731293779275,-0.0022637117578398172
0.00457808097492857,0.00443944234646668
-0.013438718464495628,-0.013577357092957518
-0.00789265498459897,-0.008031293613060861
-0.013987314079473243,-0.014125952707935133
-0.005029469011379319,-0.0051681076398412094
-0.009593918479243582,-0.009732557107705472
-0.0116117331006266,-0.01175037172908849
-0.010445016613077866,-0.010583655241539756
-0.013222274436151588,-0.013360913064613478
-0.00912664453147573,-0.00926528315993762
-0.016117798792032317,-0.016256437420494207
-0.008427974322340543,-0.008566612950802433
-0.001109838213671899,-0.0012484768421337886
-0.002549521444512504,-0.0026881600729743937
0.005721876776932978,0.005583238148471088
-0.0060100595644065335,-0.006148698192868424
-0.0066907273714471634,-0.0068293659999090536
-0.011485582828757656,-0.011624221457219546
-0.005163724183071408,-0.005302362811533298
0.015132293484882162,0.014993654856420272
0.0185041533251085,0.01836551469664661
0.007565806427059186,0.007427167798597296
-0.006091094966125365,-0.006229733594587255
-0.000788885159655108,-0.0009275237881169976
-0.001521670936988318,-0.0016603095654502077
-0.007029747653310406,-0.007168386281772296
-0.008293573310358458,-0.008432211938820348
-0.015427891077247562,-0.015566529705709452
-0.0030706082383275073,-0.003209246866789397
-0.0062173416640875934,-0.0063559802925494836
-0.0024697725579210785,-0.0026084111863829682
-0.02939681590105856,-0.02953545452952045
0.001529843721160444,0.0013912050926985543
0.0016823235487075203,0.0015436849202456306
0.015459415108526164,0.015320776480064274
-0.0040428895949291025,-0.004181528223390993
0.0068799622854861155,0.006741323657024225
-0.009710710560888427,-0.009849349189350317
-0.008774610170210929,-0.00891324879867282
0.003611879228770202,0.0034732406003083124
-0.004232086696716459,-0.004370725325178349
-0.020001925079716126,-0.020140563708178016
-0.007719972343024254,-0.007858610971486144
-3.345187318340756e-06,-0.0001419838157802305
0.0050785967770979575,0.004939958148636067
-0.015751492653318495,-0.015890131281780386
0.0020726173223590753,0.0019339786938971856
-0.00799447267524239,-0.00813311130370428
-0.0037963795555243976,-0.003935018183986287
-0.01880905739972535,-0.01894769602818724
-0.014382372943152434,-0.014521011571614324
-0.00202361440977089,-0.0021622530382327796
-0.01547721989326352,-0.015615858521725411
-0.0020155739009960548,-0.0021542125294579445
-0.0028219440846321765,-0.0029605827130940662
-0.006418375072609127,-0.006557013701071017
0.0005040093174305642,0.00036537068896867444
-0.007477368176671084,-0.007616006805132974
0.006266359889933909,0.0061277212614720186
-0.002706344166620851,-0.0028449827950827408
-0.01865256611258521,-0.0187912047410471
-0.015413948770445322,-0.015552587398907212
0.013635245589793085,0.013496606961331195
-0.00426554237048765,-0.00440418099894954
0.011666352646207622,0.011527714017745732
-0.009685166272709352,-0.009823804901171242
-0.01997702838525997,-0.02011566701372186
0.008848973541173139,0.008710334912711249
-0.00988926002744714,-0.01002789865590903
-0.008292822486637957,-0.008431461115099848
-0.001537338828592411,-0.0016759774570543006
0.03266979337830341,0.03253115474984152
0.0051962258623023845,0.005057587233840494
-0.004032888152925114,-0.004171526781387004
-0.007322459447623686,-0.007461098076085576
-0.006963364938264037,-0.007102003566725927
0.012721851022337534,0.012583212393875644
-0.014974307645598452,-0.015112946274060342
0.007443030582071506,0.007304391953609616
-0.0024706844714269026,-0.0026093230998887923
-0.00410995260382052,-0.00424859123228241
-0.0040057889587150255,-0.004144427587176916
0.0032852926855652972,0.0031466540571034075
-0.006329970766115928,-0.0064686093945778185
-0.002737372678208754,-0.0028760113066706437
-0.003823362366349281,-0.003962000994811171
-0.015840470540493482,-0.015979109168955372
-0.009582019274646185,-0.009720657903108075
-0.009061407852404401,-0.009200046480866291
-0.00477832244868181,-0.0049169610771437
0.004116182079990794,0.003977543451528904
3.550817611316999e-05,-0.00010313045234871976
0.004530331243311959,0.004391692614850069
0.004365009667481927,0.004226371039020037
-0.00021006751045607352,-0.00034870613891796324
-0.012232536420016971,-0.012371175048478861
-0.005319440965488375,-0.005458079593950265
0.006674579967976491,0.006535941339514601
-0.0030423556316259174,-0.003180994260087807
0.006310304758184563,0.006171666129722673
-0.013100745928413933,-0.013239384556875823
0.011571117808199569,0.011432479179737678
-0.006938846831110295,-0.0070774854595721855
-0.024407287022574022,-0.024545925651035912
0.001211994015429699,0.0010733553869678094
-0.010368872695675152,-0.010507511324137042
-0.005607692576018895,-0.005746331204480785
-0.015108099458857372,-0.015246738087319262
-0.0024302505193609407,-0.0025688891478228303
-0.01609745150024101,-0.0162360901287029
0.0036365279072361444,0.0034978892787742547
-0.008307909119432494,-0.008446547747894384
0.007328928675300209,0.007190290046838319
-0.00284563826619708,-0.00298427689465897
-0.0031419636275562476,-0.0032806022560181373
-0.007617720918628126,-0.0077563595470900165
-0.020084242762197977,-0.020222881390659867
-0.012907347686599312,-0.013045986315061202
0.00027893288192598625,0.0001402942534640965
0.0013272568428136357,0.001188618214351746
-0.01555150842136306,-0.015690147049824948
0.0005131611595362205,0.0003745225310743308
0.00762537147579965,0.00748673284733776
-0.009011748510871689,-0.009150387139333579
-0.002269916520863631,-0.002408555149325521
0.012386328373160378,0.012247689744698488
-0.0032292427848961656,-0.0033678814133580553
0.010284123478903487,0.010145484850441597
-0.002690752824874206,-0.0028293914533360958
0.001953635111284585,0.0018149964828226952
-0.00041165440105080933,-0.000550293029512699
0.003180245621641767,0.0030416069931798774
-0.02126025189472159,-0.02139889052318348
0.0017719471949134687,0.001633308566451579
-0.01872185983335797,-0.01886049846181986
0.007299164490248109,0.007160525861786219
-0.013250456676201354,-0.013389095304663244
0.0005043329451230976,0.0003656943166612079
-0.002102697592435805,-0.0022413362208976947
-0.008697248344678962,-0.008835886973140852
-0.006514830645145914,-0.006653469273607804
-0.013904849948191128,-0.014043488576653019
0.004852282314316498,0.0047136436858546075
-0.01444704110463937,-0.014585679733101261
-0.0003937437381948167,-0.0005323823666567064
0.014806790589457695,0.014668151960995805
0.004946233186926902,0.004807594558465012
-0.017280977177559245,-0.017419615806021135
-0.0037946188062154035,-0.003933257434677293
-0.01386508972475178,-0.01400372835321367
0.00808270360237705,0.00794406497391516
-0.004833854246542554,-0.004972492875004444
0.007151631198005082,0.007012992569543192
-0.022415193026882385,-0.022553831655344275
0.0037228122123194227,0.003584173583857533
-0.009154489884711303,-0.009293128513173193
0.0024435616668030224,0.0023049230383411327
0.0079491090661421,0.00781047043768021
0.007791434544593658,0.007652795916131768
-0.006188645272428271,-0.0063272839008901615
0.00013827178380721903,-3.668446546707129e-07
-0.0012721905156310353,-0.001410829144092925
-0.007537950335643692,-0.0076765889641055825
0.0005555262260055332,0.0004168875975436434
-0.007331660189101101,-0.0074702988175629915
-0.009548009795232949,-0.009686648423694839
-0.008830506139652736,-0.008969144768114626
0.013224412161344219,0.013085773532882329
-0.00943477498672325,-0.00957341361518514
0.014447990799402103,0.014309352170940213
0.0019946778266269017,0.001856039198165012
-0.006081207155265317,-0.006219845783727207
0.0026477264595031096,0.00250908783104122
0.0025338813071021033,0.0023952426786402136
-0.00011493942882856453,-0.00025357805729045424
-0.01950005869178326,-0.01963869732024515
0.009708601734520528,0.009569963106058638
-0.009948503740320835,-0.010087142368782725
-0.005737059840199393,-0.005875698468661283
-0.008065656969142762,-0.008204295597604652
-0.0020301439127118266,-0.0021687825411737163
-0.015717236303883116,-0.015855874932345006
0.0034610095686360997,0.00332237094017421
0.0013361175155313172,0.0011974788870694275
-0.005070337750295622,-0.005208976378757512
0.00383875764476491,0.00370011901630302
0.013003558425064836,0.012864919796602946
-0.008338194497474184,-0.008476833125936074
0.00036534378621953947,0.00022670515775764972
-0.004531500987812541,-0.004670139616274431
0.0022851172566849026,0.002146478628223013
0.00033868657383207207,0.00020004794537018233
-0.012769913971032124,-0.012908552599494014
-0.027350470714314453,-0.027489109342776343
0.007941709899162357,0.007803071270700467
-0.01069716906763605,-0.01083580769609794
0.000989396283178648,0.0008507576547167584
-0.0012294748297695163,-0.001368113458231406
0.009744111768224185,0.009605473139762295
-0.016126164284870893,-0.016264802913332783
-0.0025173167865564375,-0.002655955415018327
0.003354513544540609,0.0032158749160787195
-0.012796070068305368,-0.012934708696767258
-0.01329270968833,-0.01343134831679189
-0.0044327876995216365,-0.004571426327983527
-0.008305346305407982,-0.008443984933869872
-0.02108721175948632,-0.02122585038794821
0.0014979763709157014,0.0013593377424538117
0.011114143531367788,0.010975504902905898
0.009775113673827539,0.009636475045365649
0.010515390100329472,0.010376751471867581
-0.006247914123880015,-0.006386552752341905
0.005851025313447224,0.005712386684985334
-0.007473935731748496,-0.007612574360210386
-0.009079816846412783,-0.009218455474874673
-0.005705608795253305,-0.005844247423715195
-0.002517024704998816,-0.0026556633334607056
-0.009661843649407156,-0.009800482277869046
0.009171920539115183,0.009033281910653293
-0.01942819836018228,-0.01956683698864417
0.006711923636767036,0.0065732850083051455
-0.002113969176345041,-0.0022526078048069305
-0.01014374770272169,-0.01028238633118358
-0.013403796148313482,-0.013542434776775372
0.012779063494071239,0.012640424865609349
-0.0033092693034120634,-0.003447907931873953
0.019095064747203256,0.018956426118741366
0.004215996018566752,0.004077357390104862
-0.007279503082331533,-0.007418141710793423
-0.01204049186704361,-0.0121791304955055
-0.013945794307258329,-0.01408443293572022
-0.009164952459757894,-0.009303591088219784
-0.0005507403277498849,-0.0006893789562117747
0.01180526309546715,0.01166662446700526
-0.00654402732053219,-0.00668266594899408
-0.011471759907968873,-0.011610398536430764
-0.0039318586537548375,-0.004070497282216728
-0.0064736729678034404,-0.006612311596265331
0.005634985411736948,0.005496346783275058
-0.007911563398483173,-0.008050202026945064
0.010677362527581037,0.010538723899119147
-0.012653819131287576,-0.012792457759749467
-0.008220435071801873,-0.008359073700263763
-0.016060035339452335,-0.016198673967914225
-0.008328724456445493,-0.008467363084907384
-0.007849543368175275,-0.007988181996637166
-0.010579775456580414,-0.010718414085042304
0.0177383659421017,0.01759972731363981
-0.007630666683451628,-0.007769305311913518
-0.004012317518096786,-0.004150956146558676
-0.012842712569675402,-0.012981351198137292
0.0029167147104213263,0.0027780760819594366
-0.015555053120749247,-0.015693691749211137
-0.006637311685746156,-0.006775950314208046
0.005381352040750365,0.005242713412288475
0.0015154292222768963,0.0013767905938150066
0.006907695997254531,0.006769057368792641
0.006488713156221288,0.006350074527759398
-0.015020604486655927,-0.015159243115117817
-0.0018510993170969751,-0.001989737945558865
-0.002499314019921268,-0.0026379526483831578
0.0027899254751899095,0.00265128684672802
-0.0010590253181859285,-0.0011976639466478181
-0.01679708985244779,-0.01693572848090968
-0.012380418485662358,-0.012519057114124248
-0.0077314369743425445,-0.007870075602804434
-0.015428577665432102,-0.015567216293893993
0.0023823601356372233,0.0022437215071753336
-0.025941682776780033,-0.026080321405241923
-0.015023690478811198,-0.015162329107273088
-0.004050123092750946,-0.004188761721212836
0.004165738227085496,0.004027099598623606
0.006219668960200707,0.006081030331738817
-0.009317796743704223,-0.009456435372166113
-0.010084023029671454,-0.010222661658133344
-0.0011024835748166541,-0.0012411222032785438
0.007128514290751797,0.0069898756622899065
-0.007121391602833681,-0.007260030231295571
-0.012234957830547932,-0.012373596459009822
0.001045417074672904,0.0009067784462110143
0.005258765182896532,0.0051201265544346414
-0.011605497621227812,-0.011744136249689702
-0.00935494255796885,-0.00949358118643074
-0.0061689839692472695,-0.00630762259770916
-0.005454859126703646,-0.005593497755165536
-0.0009205720129494821,-0.0010592106414113718
-0.016358717871436133,-0.016497356499898023
0.0020125753911437046,0.001873936762681815
-0.013483589976620932,-0.013622228605082823
-0.01734708948824449,-0.01748572811670638
-0.00968068083991597,-0.00981931946837786
0.003412821197978789,0.0032741825695168994
0.0006980327344463426,0.0005593941059844529
-0.0029471303514817535,-0.003085768979943643
-0.010251977369167279,-0.010390615997629169
-0.011556676056888033,-0.011695314685349923
0.013957167052875974,0.013818528424414084
-0.007375466202390119,-0.007514104830852009
-0.01285385323151186,-0.01299249185997375
0.00209916900241609,0.0019605303739542003
0.004259190506962941,0.004120551878501051
-0.0022010267972128613,-0.002339665425674751
0.017476069300938507,0.017337430672476617
-0.00746932469605439,-0.00760796332451628
-0.008046859378680877,-0.008185498007142767
0.015443466644171483,0.015304828015709593
-6.266149349360628e-06,-0.00014490477781125036
-0.01291263232850883,-0.01305127095697072
0.004997908808736603,0.004859270180274713
-0.006236969296543422,-0.006375607925005312
-0.016338399688022927,-0.016477038316484817
-0.01595557676729468,-0.01609421539575657
-0.008814211816872511,-0.008952850445334401
0.01755077906982602,0.01741214044136413
0.00017733531764700598,3.869668918511624e-05
0.0017297901536595878,0.0015911515251976981
-0.004161369137846733,-0.004300007766308623
0.0009395784928177544,0.0008009398643558647
-0.0029547285112825022,-0.003093367139744392
-0.013006080514448997,-0.013144719142910887
-0.007106337626167089,-0.0072449762546289796
-0.0038603895637820576,-0.003999028192243947
-0.0034448450581338994,-0.003583483686595789
-0.015107056659644803,-0.015245695288106693
-0.005380658985677617,-0.005519297614139507
-0.012925546748776965,-0.013064185377238855
0.0033955744257944498,0.00325693579733256
-0.004246967999561221,-0.004385606628023111
-0.005130213117558682,-0.005268851746020572
0.004666778343019478,0.004528139714557588
-0.004334301037291553,-0.004472939665753443
0.0026654629379687365,0.002526824309506847
-0.020119123606111917,-0.020257762234573807
-7.875601578833844e-05,-0.00021739464425022818
0.005248764032149196,0.005110125403687306
0.018932502815837905,0.018793864187376014
-0.011680054024931776,-0.011818692653393666
0.00423982875124478,0.00410119012278289
-0.017650957791245862,-0.017789596419707752
-0.0003774266935248008,-0.0005160653219866906
-0.0020003645081687403,-0.00213900313663063
-0.009984208342316109,-0.010122846970778
-0.011744076170872019,-0.011882714799333909
-0.0005465586909357745,-0.0006851973193976642
-0.001073539776936783,-0.0012121784053986727
0.0066966461293811496,0.0065580075009192594
-0.011282520057063414,-0.011421158685525304
0.0201291376871211,0.01999049905865921
-0.0018811075997181817,-0.0020197462281800714
0.026150494732326973,0.026011856103865083
0.0013293255543341221,0.0011906869258722324
-0.0030725049098458213,-0.003211143538307711
-0.015426226210093602,-0.015564864838555492
-0.004874672406295162,-0.005013311034757052
-0.015987886610211187,-0.016126525238673077
0.0112666955149445,0.01112805688648261
0.003100187848532727,0.0029615492200708374
-0.00670715207985299,-0.00684579070831488
-0.0028463919522441162,-0.002985030580706006
-0.007182307894591587,-0.007320946523053477
-0.01098890959896416,-0.01112754822742605
-0.00043629330479122457,-0.0005749319332531143
-0.006373555984467536,-0.006512194612929426
0.0018706217080089018,0.001731983079547012
-0.0009516580411422142,-0.0010902966696041039
-0.011421825063231342,-0.011560463691693232
0.0015671704193737466,0.0014285317909118569
-6.563103864048313e-05,-0.0002042696671023729
-0.0065043803580358385,-0.006643018986497729
-0.005331412628759903,-0.005470051257221793
-0.01362080668426766,-0.013759445312729551
0.0070150946046304355,0.006876455976168545
-0.02247908284428223,-0.02261772147274412
-0.011995402639334636,-0.012134041267796526
-0.011695859910826717,-0.011834498539288607
-0.005787153349049121,-0.005925791977511011
0.00043608442581075064,0.0002974457973488609
-0.005464481959449512,-0.005603120587911402
0.0034301300032066246,0.003291491374744735
-0.009754969129968786,-0.009893607758430676
-0.011826580912364283,-0.011965219540826173
-0.027217644744933402,-0.027356283373395292
0.007164071841652803,0.007025433213190913
-0.009500745829469682,-0.009639384457931572
-0.007586510678096001,-0.007725149306557891
-0.0029926320844119725,-0.003131270712873862
0.009073794571571238,0.008935155943109348
0.0007632952108632101,0.0006246565824013204
-0.0007128380123915127,-0.0008514766408534023
-0.0058779093578908564,-0.006016547986352747
-0.004839594717428419,-0.004978233345890309
0.018495987877213405,0.018357349248751514
-0.004366220940813887,-0.0045048595692757775
-0.001372719071078863,-0.0015113576995407526
0.006498853856573129,0.006360215228111239
-0.004724818215132872,-0.004863456843594762
-0.00802085450406542,-0.00815949313252731
-0.006577257554879313,-0.006715896183341203
0.0038381806846860466,0.003699542056224157
0.006697184340444561,0.0065585457119826706
-0.000829342241172047,-0.0009679808696339367
0.005667255926325674,0.0055286172978637835
-0.003080374495596183,-0.0032190131240580726
0.00649748586017302,0.00635884723171113
-0.004824315310946837,-0.004962953939408727
0.01978629481844613,0.01964765618998424
0.016258790025636367,0.016120151397174477
-0.0011966244105305948,-0.0013352630389924845
0.0014464796738327885,0.0013078410453708988
0.00556901569554579,0.0054303770670839
-0.0063243638300859014,-0.0064630024585477916
-0.017454990069817006,-0.017593628698278897
-0.015479421134298111,-0.015618059762760001
-0.0032228261281424296,-0.0033614647566043193
-0.007997336107164368,-0.008135974735626259
-0.0011382842666125882,-0.0012769228950744779
-0.00023984744053806044,-0.0003784860689999502
-0.017582417314412048,-0.017721055942873938
0.002837855701026416,0.0026992170725645263
0.0002675002537681709,0.00012886162530628117
0.009554948679188163,0.009416310050726273
0.006442241295811711,0.0063036026673498205
-0.0008849084735441539,-0.0010235471020060437
-0.009033391499190932,-0.009172030127652822
-0.008279524729888499,-0.008418163358350389
-0.00331919059883097,-0.00345782922729286
0.0008601212799219043,0.0007214826514600145
0.006863552500296356,0.006724913871834466
-0.024151856454032478,-0.024290495082494368
0.007100757262013024,0.006962118633551134
0.005724201835559323,0.005585563207097433
0.00029291511658505485,0.0001542764881231651
-0.0149031835589489,-0.01504182218741079
-0.0025121040636532,-0.00265074269211509
0.008126972762466399,0.007988334134004509
-0.008254810307356471,-0.008393448935818362
-0.002054571934971377,-0.0021932105634332667
0.019556298172358225,0.019417659543896335
0.0011050950281383776,0.000966456399676488
-0.007162355661295933,-0.0073009942897578235
-0.003062490991728346,-0.0032011296201902356
-0.008359175930319316,-0.008497814558781206
-0.00047778155389724284,-0.0006164201823591326
0.0013933265652625929,0.0012546879368007032
-0.023933426609986493,-0.024072065238448383
-0.0027375634330092675,-0.002876202061471157
0.006442433115683533,0.006303794487221643
0.017613187708108134,0.017474549079646243
0.00600809339546634,0.00586945476700445
0.0032306325122697798,0.00309199388380789
0.02635119175060083,0.02621255312213894
-0.004430464649475591,-0.004569103277937481
-0.009489428457540031,-0.009628067086001921
-0.004215359752156582,-0.004353998380618472
0.003316268855106375,0.003177630226644485
-0.010811328866554296,-0.010949967495016186
-0.0011614454492246224,-0.0013000840776865121
-0.001504139280716457,-0.0016427779091783468
-0.012872993950158049,-0.013011632578619939
-0.0009106967258415534,-0.0010493353543034431
0.002381036560936799,0.0022423979324749095
-0.00787286883301543,-0.008011507461477321
-0.011646427464723262,-0.011785066093185153
-0.008131514760425947,-0.008270153388887837
-0.0008169269743369406,-0.0009555656027988304
-0.002494997784175189,-0.0026336364126370785
0.004421531212532757,0.004282892584070867
-0.003911890201109226,-0.004050528829571116
-0.004592823443741098,-0.004731462072202988
-0.011380775943410188,-0.011519414571872078
-0.009833696807234203,-0.009972335435696093
-0.008418522816748136,-0.008557161445210026
-0.009030280353186771,-0.009168918981648662
-0.01871985994550241,-0.0188584985739643
0.01602134327483726,0.01588270464637537
-0.007234674797957435,-0.0073733134264193255
0.002344957079603039,0.0022063184511411493
-0.011963896373861955,-0.012102535002323845
-0.00990711631031953,-0.01004575493878142
-0.02298413780468638,-0.023122776433148272
-0.0015092134328664175,-0.0016478520613283072
0.0009331903644037087,0.0007945517359418189
0.017670826551316486,0.017532187922854596
-0.0048910164590933725,-0.005029655087555263
-0.002968973755184503,-0.0031076123836463925
4.657929990462437e-06,-0.0001339806984714273
0.0010986476107623807,0.000960008982300491
-0.003765118574866894,-0.003903757203328784
-0.015493581565362813,-0.0156322201938247
0.0006632918847901567,0.0005246532563282669
0.006360726371763867,0.006222087743301977
0.000298249206582229,0.00015961057812033928
-0.013177713949736368,-0.013316352578198258
0.0034893322926161483,0.0033506936641542586
-0.018439199104084873,-0.018577837732546763
-0.00796046911257406,-0.00809910774103595
-0.018596022841956585,-0.018734661470418475
0.0013373955267515498,0.0011987568982896601
0.00414759687389242,0.00400895824543053
-0.011619392531041656,-0.011758031159503546
0.0005399981895670886,0.0004013595611051988
-0.007784895030037578,-0.007923533658499468
0.0007213930062183722,0.0005827543777564826
-0.0069347671367308815,-0.007073405765192772
7.465736127787926e-05,-6.398126718401048e-05
0.006759399322776279,0.006620760694314389
0.004409654799602961,0.004271016171141071
0.017676869907200275,0.017538231278738384
0.002329350503041236,0.002190711874579346
-0.009193524699198206,-0.009332163327660096
0.002537955152275221,0.002399316523813331
-0.017313934203124284,-0.017452572831586174
0.004598142883348328,0.004459504254886438
-0.00825106662793883,-0.008389705256400721
-0.011018318556754286,-0.011156957185216176
0.019853874675978128,0.019715236047516238
-0.009105614711406978,-0.009244253339868868
0.0017011816674185084,0.0015625430389566188
-0.012807436116259483,-0.012946074744721373
0.0010914210716355117,0.000952782443173622
-0.025893328264041733,-0.026031966892503623
-0.021304342431681632,-0.021442981060143522
0.011556487551271352,0.011417848922809462
-0.0035982311049689193,-0.003736869733430809
-0.018862941463245894,-0.019001580091707784
0.015723590018404277,0.015584951389942387
0.000248155926051473,0.00010951729758958324
-0.00639725884094094,-0.0065358974694028306
-8.50395886992996e-05,-0.00022367821716118936
0.009359701332840285,0.009221062704378395
0.013416585678050178,0.013277947049588288
0.003819403450481961,0.0036807648220200714
-0.0084709962322692,-0.00860963486073109
-0.01601268145320226,-0.01615132008166415
-0.0035495048902248944,-0.003688143518686784
0.0029773416142972117,0.002838702985835322
-0.004480930793477504,-0.0046195694219393945
0.007502641782890271,0.007364003154428381
0.00036669787431428257,0.00022805924585239283
0.0001720586183841006,3.3419989922210853e-05
-0.0009275872549270625,-0.0010662258833889523
-0.01041431666641906,-0.01055295529488095
-0.020403403111135848,-0.020542041739597738
-0.011658199987162582,-0.011796838615624472
0.006519973959819196,0.006381335331357306
-0.011562301351015056,-0.011700939979476946
0.00948334252427199,0.009344703895810099
-0.006850681857199612,-0.006989320485661502
0.016139615439854944,0.016000976811393054
-0.0021790404724924815,-0.002317679100954371
-0.015132617655108907,-0.015271256283570797
-0.018981115086256422,-0.019119753714718312
0.0097593016639967,0.00962066303553481
-0.003896254957071183,-0.004034893585533073
0.0064776019378461214,0.006338963309384231
-0.0010699380820469208,-0.0012085767105088105
-0.016468266669569912,-0.016606905298031802
-0.011068219837202077,-0.011206858465663968
0.009536874280271224,0.009398235651809334
0.0006578092521450161,0.0005191706236831264
-0.010933564333508986,-0.011072202961970876
-0.007837952257009298,-0.007976590885471188
-0.011074873592740645,-0.011213512221202536
-0.0017269274010470298,-0.0018655660295089195
-0.0007339979726380455,-0.0008726366010999352
-0.005911321791238507,-0.006049960419700397
-0.016495700868364587,-0.016634339496826477
-0.017052955507891886,-0.017191594136353777
-0.0039552131286019416,-0.004093851757063832
-0.005445838010884203,-0.005584476639346093
-0.0003050470983486876,-0.00044368572681057736
0.009110015856186591,0.008971377227724701
-0.0050782271052629705,-0.005216865733724861
0.00929928709641818,0.00916064846795629
0.0025611669563748492,0.0024225283279129596
0.009784391159688046,0.009645752531226156
0.0009672392126188563,0.0008286005841569666
0.013960517109378885,0.013821878480916995
0.016253443497957817,0.016114804869495927
0.00792780139248048,0.00778916276401859
-0.00010983814915266307,-0.0002484767776145528
-0.017154961453218567,-0.017293600081680457
0.0018992846010581752,0.0017606459725962855
0.0006422139563176943,0.0005035753278558046
-0.004368481971176325,-0.004507120599638215
-0.011262496100454617,-0.011401134728916507
0.0007604830822520369,0.0006218444537901473
-0.009220355050723375,-0.009358993679185265
-0.013032165300556512,-0.013170803929018402
-0.016568050790642174,-0.016706689419104064
-0.0044662735022240295,-0.00460491213068592
-0.01643283682621129,-0.01657147545467318
-0.0021347193139335,-0.0022733579423953897
-0.01702761125453225,-0.01716624988299414
-0.01415355446692599,-0.01429219309538788
-0.00900863316394015,-0.00914727179240204
-0.0012520158786970997,-0.0013906545071589893
-0.009811098196390667,-0.009949736824852557
-0.011085915452842633,-0.011224554081304523
0.010060494615347162,0.009921855986885272
0.0053321236030874995,0.005193484974625609
-0.0020477535624815893,-0.002186392190943479
0.0028155497374931105,0.002676911109031221
-0.012618406973241205,-0.012757045601703095
0.0024405757599447924,0.0023019371314829027
0.008709533283218916,0.008570894654757025
-0.023566046643702116,-0.023704685272164006
-0.01138431657662025,-0.01152295520508214
0.007086162225242867,0.006947523596780977
-0.004551293361490686,-0.004689931989952576
-0.0014631008389997236,-0.0016017394674616133
0.0015919756830435668,0.0014533370545816771
-0.024566440153416864,-0.024705078781878755
0.0016959329860478185,0.0015572943575859288
-0.010603827787544788,-0.010742466416006678
-0.0009605510427725635,-0.0010991896712344532
-0.005006208332102504,-0.005144846960564394
-0.005720764121845639,-0.005859402750307529
-0.010936634061581404,-0.011075272690043294
0.0011738213838602368,0.0010351827553983471
-0.01765089889119205,-0.01778953751965394
-0.009550339018839385,-0.009688977647301275
-0.0004142953178060596,-0.0005529339462679493
-0.0034429136660987006,-0.0035815522945605903
0.004533555792290429,0.004394917163828539
-0.023286525782022807,-0.023425164410484697
-0.009422056907726937,-0.009560695536188827
0.0037902314257089458,0.003651592797247056
0.008531814993807391,0.0083931763653455
0.004014988897600494,0.003876350269138604
-0.02507605783233439,-0.02521469646079628
0.00300363252026628,0.0028649938918043905
0.009363638158790146,0.009224999530328256
-0.00024215773309779447,-0.0003807963615596842
0.0011221917550235483,0.0009835531265616586
0.01021314117907058,0.01007450255060869
-0.006294724802059286,-0.006433363430521176
0.007159064923342669,0.007020426294880779
0.0026102880627719423,0.0024716494343100526
-0.011788840987792308,-0.011927479616254198
0.002251667896650284,0.0021130292681883944
0.004166803911899198,0.004028165283437308
0.004813581032656697,0.004674942404194807
-0.004708459082118342,-0.0048470977105802325
-0.009411145922920996,-0.009549784551382886
0.005176167240571172,0.005037528612109282
-0.017495237188221692,-0.017633875816683582
0.0075590489682569074,0.007420410339795017
0.010674350518097836,0.010535711889635946
-0.002747879982664878,-0.0028865186111267675
-0.012551631047006536,-0.012690269675468427
-3.662338785177989e-05,-0.00017526201631366963
-0.014065373010473255,-0.014204011638935145
-0.0021709713594133236,-0.0023096099878752133
0.0013452189427588827,0.001206580314296993
0.003430290118652351,0.003291651490190461
-0.008702584048649206,-0.008841222677111096
0.006657143531185827,0.006518504902723937
0.007931902028203947,0.007793263399742057
-0.015144462874166745,-0.015283101502628635
-0.038514718974027855,-0.038653357602489745
-0.008298261600050661,-0.008436900228512552
-0.026004694809440607,-0.026143333437902497
-0.005226988194629773,-0.0053656268230916635
-0.007695517813217437,-0.007834156441679327
-0.002681758803977884,-0.0028203974324397738
0.0028923659901907996,0.00275372736172891
0.00537913626478304,0.00524049763632115
-0.01343936282463466,-0.01357800145309655
0.008249081401895017,0.008110442773433127
-0.004902803792204046,-0.005041442420665936
-0.009006639979339317,-0.009145278607801207
-0.017355043298527655,-0.017493681926989545
-0.009021465458947563,-0.009160104087409453
-0.005366169217160737,-0.005504807845622627
-0.002368778119056806,-0.0025074167475186955
-0.011551608341966713,-0.011690246970428603
0.013127837674298731,0.012989199045836841
0.0038731217455560004,0.0037344831170941107
0.0021816872115269005,0.0020430485830650108
0.017297121436521436,0.017158482808059546
-0.011791168252189704,-0.011929806880651594
-0.010593753097772876,-0.010732391726234766
0.00020103102250579343,6.239239404390369e-05
-0.0042986735645156515,-0.004437312192977542
-0.017261220545858574,-0.017399859174320464
0.00100811207719527,0.0008694734487333803
0.005165722736184512,0.005027084107722622
0.0030735121179342583,0.0029348734894723686
-0.016073206859195013,-0.016211845487656903
-0.007109659500481268,-0.0072482981289431585
-0.010972985611482428,-0.011111624239944318
-0.01951256960802973,-0.01965120823649162
-0.014571056968456838,-0.014709695596918728
-0.004641794632934896,-0.004780433261396786
-0.025995281827651255,-0.026133920456113145
-0.007517877793844889,-0.007656516422306779
0.00393308803085283,0.0037944494023909405
-0.00403608526368103,-0.00417472389214292
0.003881352725727986,0.0037427140972660965
-0.005846060167066264,-0.005984698795528154
-0.026130133847228777,-0.026268772475690667
0.004150046573495841,0.004011407945033951
-0.008487525782709634,-0.008626164411171524
0.0023456236468964047,0.002206985018434515
-0.022541806771608303,-0.022680445400070193
-0.00892563542156726,-0.00906427405002915
-0.03288590731314121,-0.0330245459416031
-0.009509181384662736,-0.009647820013124626
0.000193044025283113,5.440539682122325e-05
0.024903832436867383,0.024765193808405493
0.005603255597528227,0.005464616969066337
-0.0063752390993436995,-0.00651387772780559
-0.009011122934051817,-0.009149761562513707
0.0019377250782794124,0.0017990864498175227
0.0005051436630574722,0.00036650503459558246
-0.010112883459251465,-0.010251522087713355
0.01750132499556943,0.01736268636710754
-0.0025937569640496418,-0.0027323955925115315
-0.0097246880956914,-0.00986332672415329
-0.008374352202469447,-0.008512990830931337
-0.0002419320782884108,-0.00038057070675030053
-0.00168156315316474,-0.0018202017816266298
0.011953865571853418,0.011815226943391528
0.008861857906346207,0.008723219277884317
-0.013696509669286422,-0.013835148297748312
-0.007379941471507455,-0.007518580099969345
0.007215437778883705,0.007076799150421815
0.001558919934992958,0.0014202813065310683
-0.009113684944274576,-0.009252323572736466
-0.0023710962413728966,-0.0025097348698347862
0.007383175966465346,0.007244537338003456
-0.0023664235464325675,-0.002505062174894457
0.0013991648624973908,0.0012605262340355011
0.0023294706846241973,0.0021908320561623076
0.008441841104335646,0.008303202475873756
0.008384050205148385,0.008245411576686495
-0.006688304259053076,-0.006826942887514966
-0.003430117235666016,-0.003568755864127906
0.001874561743509475,0.0017359231150475853
-0.013722008732076253,-0.013860647360538143
-0.01772227084626347,-0.01786090947472536
-0.025952410794984955,-0.026091049423446845
-0.009147635338388024,-0.009286273966849914
-0.009281928900195255,-0.009420567528657145
-0.012267411161868155,-0.012406049790330045
-0.005592623481658471,-0.005731262110120361
0.0028032422453933697,0.00266460361693148
-0.0036715898371194014,-0.003810228465581291
-0.012807671857669551,-0.012946310486131441
-0.00512388860130621,-0.0052625272297681
-0.006613905922798674,-0.006752544551260564
-0.024850070588781706,-0.024988709217243596
-0.010416923639011857,-0.010555562267473747
-0.009900744950277858,-0.010039383578739748
-0.002794115431815069,-0.002932754060276959
0.0027922827863237263,0.0026536441578618366
0.011159027132073866,0.011020388503611976
0.006905987095368837,0.0067673484669069466
0.004357972582362878,0.004219333953900988
-0.0020661024022992198,-0.0022047410307611095
-0.008809072618048717,-0.008947711246510608
-0.0147673567081098,-0.01490599533657169
-0.004599263654133004,-0.004737902282594894
-0.01252320882528874,-0.01266184745375063
-0.0062027148045972836,-0.006341353433059174
-0.0007365345697134292,-0.000875173198175319
-0.020121408191622895,-0.020260046820084785
-0.013458466539793755,-0.013597105168255645
0.0033629993810697324,0.0032243607526078427
-0.002513415929571935,-0.0026520545580338245
-0.001969031400125084,-0.002107670028586974
-0.005893087183455146,-0.006031725811917036
-0.00200458924398434,-0.0021432278724462296
-0.008625991298690492,-0.008764629927152382
0.015700870148333525,0.015562231519871635
-0.00548445871703006,-0.00562309734549195
-0.008072512900623902,-0.008211151529085792
-0.00028173389823444634,-0.0004203725266963361
-0.004536269913831398,-0.004674908542293288
0.0005234377762207868,0.0003847991477588971
-0.013498624633303811,-0.013637263261765701
-0.0178049266004041,-0.01794356522886599
-0.007726765501816314,-0.007865404130278204
0.0008936285980768686,0.0007549899696149788
-0.0023423669946531452,-0.002481005623115035
-0.005315199578990061,-0.005453838207451951
-0.0027658645276359304,-0.00290450315609782
-0.0031797685269950907,-0.0033184071554569804
-0.004546847548300891,-0.0046854861767627815
-0.0002855898742085808,-0.00042422850267047053
0.0016445060449727504,0.0015058674165108607
-0.005788168915315187,-0.005926807543777077
0.005795681679990339,0.005657043051528449
0.0007311940120501819,0.0005925553835882922
-0.009140344642225975,-0.009278983270687866
-0.002146649118081391,-0.0022852877465432807
0.0019745694534312012,0.0018359308249693116
0.004482766407997505,0.004344127779535615
0.003927656992295842,0.003789018363833952
-0.0015622858415517617,-0.0017009244700136514
-0.015718731229427966,-0.015857369857889856
-0.007485524527770787,-0.007624163156232677
-0.006712785147500869,-0.006851423775962759
-0.00339627533871458,-0.0035349139671764698
-0.0023018630710850536,-0.0024405016995469432
0.009170752969597738,0.009032114341135848
0.004649917723354616,0.004511279094892726
-0.012889158939797354,-0.013027797568259244
-0.006675715182436048,-0.006814353810897938
0.019078937732757914,0.018940299104296024
0.00242911318599504,0.00229047455753315
-2.2855277211825488e-06,-0.0001409241561830723
-0.012818385429599906,-0.012957024058061796
-0.0014002348527178301,-0.0015388734811797198
-0.005268261884145626,-0.005406900512607516
-0.005970143031653497,-0.0061087816601153875
0.0001957939764962181,5.715534803432836e-05
-0.009364877902531207,-0.009503516530993097
-0.0003896710285986259,-0.0005283096570605156
0.013775815954322323,0.013637177325860433
-0.004310804692102609,-0.004449443320564499
-0.01293127151059007,-0.01306991013905196
0.0033263602963103816,0.003187721667848492
-0.010576771839001223,-0.010715410467463113
-0.0023397957924106523,-0.002478434420872542
-0.0057919968454956654,-0.005930635473957556
0.001100262870503834,0.0009616242420419443
0.013092882727296187,0.012954244098834297
-0.00991961747512574,-0.01005825610358763
0.003129499722072253,0.0029908610936103634
-0.01641563456112751,-0.0165542731895894
0.007227764063574333,0.0070891254351124425
-0.0013474895666744189,-0.0014861281951363086
0.0026213463925600505,0.002482707764098161
0.006454989220146488,0.006316350591684598
-0.006731813783403853,-0.006870452411865743
-0.008299680361689661,-0.008438318990151551
-0.020246211030249865,-0.020384849658711755
-0.001860776027726267,-0.001999414656188157
0.004451840950053308,0.004313202321591418
0.0013422794844491679,0.0012036408559872782
-0.0007926204231180511,-0.0009312590515799409
-0.008440864151667704,-0.008579502780129594
0.00029591233726533297,0.00015727370880344322
-0.02375450499953217,-0.02389314362799406
0.023265290093176547,0.023126651464714657
0.023093467993244778,0.022954829364782887
-0.0022693304733660677,-0.0024079691018279573
0.013658635741080451,0.013519997112618561
0.012085401686423438,0.011946763057961548
-0.0023503451663007364,-0.002488983794762626
-0.011780141805899483,-0.011918780434361374
0.002229888869628887,0.002091250241166997
-0.0027128908223142422,-0.002851529450776132
0.007795094406849172,0.007656455778387282
-0.01044416921858278,-0.01058280784704467
0.008767920641715696,0.008629282013253806
0.0019135591349370839,0.0017749205064751942
-0.0041256567413065,-0.00426429536976839
-0.012281246560761383,-0.012419885189223273
-0.014644379219278511,-0.014783017847740401
-0.005320475891647787,-0.005459114520109677
0.006966400852839843,0.006827762224377953
-0.0012392340959135617,-0.0013778727243754514
-0.0075870593974990755,-0.007725698025960966
0.0025786603484284163,0.0024400217199665266
0.005319403028505727,0.005180764400043837
-0.002866655926043266,-0.0030052945545051557
-0.003579848104017574,-0.003718486732479464
-0.012390070872542219,-0.012528709501004109
-0.005297211049997699,-0.005435849678459589
0.018383169372730303,0.018244530744268413
-0.0002413486321902518,-0.0003799872606521415
0.008278900914753959,0.008140262286292069
-0.010244734532055037,-0.010383373160516927
0.006397855946546905,0.006259217318085015
0.003975782210242889,0.003837143581780999
0.005876191181948415,0.005737552553486525
-0.004444903743410977,-0.004583542371872867
-0.011031227493761085,-0.011169866122222975
0.013511725401087924,0.013373086772626034
-0.0010515943164772748,-0.0011902329449391645
-0.009966286285437853,-0.010104924913899744
0.013172369052196509,0.013033730423734619
0.003864609297098639,0.003725970668636749
-0.0021128901339436033,-0.002251528762405493
-0.00229703974047049,-0.0024356783689323796
0.004435158293460526,0.0042965196649986355
-0.009630769798362493,-0.009769408426824383
-0.0030824113883088406,-0.0032210500167707302
-0.009796533108217135,-0.009935171736679025
-0.00277564868957205,-0.0029142873180339397
-0.0012084086063606997,-0.0013470472348225894
-0.010139749404582224,-0.010278388033044114
-0.0026149692634389477,-0.0027536078919008374
0.007244245772748398,0.007105607144286508
-0.006758813374229956,-0.006897452002691846
-0.0033710377399676795,-0.003509676368429569
-0.0011185908430819099,-0.0012572294715437996
0.009910413434611933,0.009771774806150043
0.003583394691918378,0.003444756063456488
-0.008548062778053913,-0.008686701406515803
-0.006034087815959908,-0.006172726444421798
0.004758069036522536,0.004619430408060646
-0.010322527069880695,-0.010461165698342585
0.005615943844688581,0.005477305216226691
-0.003165741937872941,-0.0033043805663348306
-0.0027199154409538917,-0.0028585540694157814
0.0041026862669692145,0.003964047638507324
0.0017545925282612307,0.001615953899799341
0.002563370702891812,0.0024247320744299225
-0.00979286437064896,-0.00993150299911085
-0.0068349901103724455,-0.006973628738834336
-0.005637206645086709,-0.0057758452735485995
-0.002332098334324777,-0.0024707369627866667
-0.0008547517000722587,-0.0009933903285341485
-0.011139217731784334,-0.011277856360246225
-0.007929052613489175,-0.008067691241951065
-0.013484153092733481,-0.013622791721195371
-0.0008704464629984255,-0.0010090850914603153
0.00657002611815155,0.00643138748968966
-0.003954015703661259,-0.0040926543321231496
0.0028600330342893367,0.002721394405827447
0.007424693092709991,0.007286054464248101
0.0035925689171386345,0.003453930288676745
0.012304047112371081,0.012165408483909191
0.007505542034877789,0.0073669034064158985
-0.0066503308803813705,-0.006788969508843261
-0.006533270006054279,-0.0066719086345161695
0.013161808105299693,0.013023169476837803
0.006008613501799075,0.005869974873337185
0.008170969697019404,0.008032331068557514
0.003939375532429406,0.0038007369039675166
0.024687862433008387,0.024549223804546497
9.94474378330469e-05,-3.919119062884284e-05
-0.009312753027360888,-0.009451391655822778
-0.00986514314901127,-0.01000378177747316
-0.005741017610151824,-0.005879656238613714
-0.008627204532679235,-0.008765843161141125
-0.011316477849167282,-0.011455116477629172
-0.008015774363051268,-0.008154412991513158
-0.010520075928224626,-0.010658714556686516
-0.012178923572227827,-0.012317562200689717
-0.004977163715691263,-0.005115802344153153
-0.0067588094832280185,-0.006897448111689909
-0.0031238238347035333,-0.003262462463165423
-0.009405001916251132,-0.009543640544713022
-0.015282203419516475,-0.015420842047978365
-0.004800271247071109,-0.004938909875532999
-0.008584707518689961,-0.008723346147151851
0.01175297472708623,0.01161433609862434
-0.03232340253217342,-0.03246204116063531
-0.0015137173253020773,-0.001652355953763967
0.0076499704060643365,0.007511331777602446
-0.013995220004034274,-0.014133858632496164
-0.020087554646665517,-0.020226193275127407
0.005540407474916787,0.005401768846454897
0.0014510435380572933,0.0013124049095954036
-0.004580988966063922,-0.004719627594525812
-0.005927094422708358,-0.006065733051170248
-0.003926723637652666,-0.004065362266114556
-0.0034314202582995694,-0.003570058886761459
-0.0007003044083087653,-0.0008389430367706551
-0.0029550598290844533,-0.003093698457546343
-0.021331240723773497,-0.021469879352235387
-0.007958275289723612,-0.008096913918185502
-0.01777673824780752,-0.01791537687626941
-0.004931128749924725,-0.005069767378386615
-0.008480566206738135,-0.008619204835200026
0.0075915959287767764,0.007452957300314886
-0.008570645231816392,-0.008709283860278283
-0.00042265878834707964,-0.0005612974168089694
-0.010511205195764036,-0.010649843824225926
-0.010888762830079819,-0.011027401458541709
-0.0034679585839283993,-0.003606597212390289
-0.020703148526174907,-0.020841787154636797
-0.01579090207152174,-0.01592954069998363
-0.001783811126364245,-0.0019224497548261347
-0.003250342144548505,-0.0033889807730103946
-0.008726033086828053,-0.008864671715289943
-0.013650863242688367,-0.013789501871150257
-0.0008280813896934042,-0.000966720018155294
0.010173924567479495,0.010035285939017605
-0.0038143478573094,-0.00395298648577129
0.011202137377687615,0.011063498749225725
-0.003072156818160031,-0.0032107954466219207
-0.017101194162304108,-0.017239832790765998
-0.00337079284298301,-0.0035094314714448995
0.0008319703529078874,0.0006933317244459977
-0.02247329856159885,-0.02261193719006074
-0.020764604641851415,-0.020903243270313305
-0.0075992980739801414,-0.007737936702442032
0.008167596477979325,0.008028957849517435
-0.011325926242536182,-0.011464564870998072
-0.0010021393352515283,-0.001140777963713418
0.011290446398888692,0.011151807770426802
0.01765533378522173,0.01751669515675984
-0.010468542980896873,-0.010607181609358763
0.0027170163894192807,0.002578377760957391
-0.009569921183657647,-0.009708559812119537
0.018484523259374927,0.018345884630913037
-0.006990397969786596,-0.007129036598248486
-0.0018762548240338615,-0.002014893452495751
0.02208462034897506,0.02194598172051317
-0.013748906215520582,-0.013887544843982472
-0.002040814049990905,-0.0021794526784527945
-0.000563698805917416,-0.0007023374343793057
-0.01634870911152272,-0.01648734773998461
0.0073824916580730385,0.007243853029611148
-0.007206032379110714,-0.0073446710075726045
-0.02063294024780873,-0.02077157887627062
-0.0007185388984354862,-0.000857177526897376
0.007795671858069331,0.007657033229607441
0.00541652308954756,0.00527788446108567
0.0004894766921950396,0.0003508380637331499
0.009913722944450577,0.009775084315988686
-0.005960445011326054,-0.006099083639787944
0.00983758612518276,0.00969894749672087
0.004456479469039759,0.0043178408405778685
-0.01544271941677973,-0.01558135804524162
0.012428019661420577,0.012289381032958686
0.01728258367228054,0.01714394504381865
0.0037225135353809633,0.0035838749069190736
-0.0002359852170690242,-0.000374623845530914
0.005617175640887485,0.005478537012425595
-0.002525930478736592,-0.0026645691071984817
-0.018372381904094872,-0.018511020532556762
0.0037453858756386657,0.003606747247176776
0.007122587723821427,0.006983949095359537
-0.010646338082619668,-0.010784976711081558
0.0142027402100266,0.01406410158156471
0.011924589347078294,0.011785950718616404
0.0005110564790188051,0.0003724178505569153
0.002983147216025287,0.002844508587563397
-0.013085418184271658,-0.013224056812733549
0.002408068234748117,0.0022694296062862273
-0.010444245174153903,-0.010582883802615793
0.0023184814026413476,0.002179842774179458
-0.011202993992646654,-0.011341632621108544
-0.011184960568502315,-0.011323599196964206
-0.003996843079077492,-0.004135481707539382
-0.005668993767021482,-0.005807632395483372
-0.005649888313567961,-0.005788526942029851
-0.003156827127481694,-0.003295465755943584
-0.009555662608833724,-0.009694301237295614
-0.00490561301617739,-0.00504425164463928
-0.010006739846756856,-0.010145378475218746
0.001720582973471518,0.0015819443450096283
0.002293825279855668,0.0021551866513937782
-0.00736219699296428,-0.00750083562142617
0.01197120043306816,0.01183256180460627
-0.01708404540960717,-0.01722268403806906
-0.0042422496401536705,-0.004380888268615561
0.009409445575161792,0.009270806946699902
-0.013613740439816321,-0.013752379068278212
-0.007112333217487533,-0.0072509718459494235
-0.013259946705576653,-0.013398585334038543
-0.026287215369527463,-0.026425853997989353
-0.00787424006952616,-0.00801287869798805
0.023472699019702597,0.023334060391240707
0.0035451272995328568,0.003406488671070967
0.0026673520209900907,0.002528713392528201
-0.006975813111966097,-0.007114451740427987
-0.006051799386553006,-0.006190438015014896
-0.0034054708246139126,-0.0035441094530758023
0.00609153293095552,0.00595289430249363
-0.0032940932968010123,-0.003432731925262902
-0.005300716191782145,-0.005439354820244035
-0.0034504620053059593,-0.003589100633767849
-0.01074513146542922,-0.01088377009389111
-0.012837939128100415,-0.012976577756562305
-0.013750793397677721,-0.013889432026139611
-0.008892132064203202,-0.009030770692665092
-0.0060930521819629,-0.0062316908104247904
0.0019718414124614138,0.001833202783999524
-0.0013987597497950558,-0.0015373983782569454
-0.011160536453661664,-0.011299175082123554
-0.010284552519438321,-0.010423191147900211
0.008442919934387384,0.008304281305925493
-0.0023405865740710706,-0.0024792252025329603
-0.02615702408476185,-0.02629566271322374
0.008042894362073606,0.007904255733611715
-0.0026096484320537513,-0.002748287060515641
-0.005774263187487928,-0.005912901815949818
-0.0004712410583852053,-0.0006098796868470951
-0.02039811250405558,-0.02053675113251747
0.002378634331785464,0.002239995703323574
0.0031715764668156696,0.00303293783835378
-0.006092932691236045,-0.006231571319697935
-0.015159483861838657,-0.015298122490300547
-0.003845024538371443,-0.003983663166833333
0.009885861905502124,0.009747223277040234
-0.01334367379350002,-0.01348231242196191
-0.005442564847680808,-0.005581203476142698
0.001326667508438949,0.0011880288799770594
0.00015720304668641723,1.8564418224527486e-05
0.0031844403357946163,0.0030458017073327266
0.0009748730259990602,0.0008362343975371704
0.002781750869051373,0.002643112240589483
0.0072568365330342105,0.00711819790457232
-0.01087624958332357,-0.01101488821178546
-0.002495339434532174,-0.002633978062994064
-0.0109657242403035,-0.01110436286876539
0.0037138587524735167,0.003575220124011627
-0.02045964873789211,-0.020598287366354
-0.002308651687344002,-0.002447290315805892
-0.020138331954634655,-0.020276970583096545
-0.00708527019041315,-0.00722390881887504
0.00353350037923704,0.0033948617507751503
-0.0006849426508143047,-0.0008235812792761945
0.005133190825940283,0.004994552197478393
-0.0038287993638680814,-0.0039674379923299715
-0.0026985004595131497,-0.0028371390879750394
-0.007489527129754539,-0.007628165758216429
0.015561203026480383,0.015422564398018493
-0.009459713960965238,-0.009598352589427128
0.0017698518198975613,0.0016312131914356716
-0.01660059536684644,-0.01673923399530833
-0.01313004290375857,-0.01326868153222046
-0.007140721758059151,-0.007279360386521041
0.0009346755006627236,0.0007960368722008339
-0.007866639418453163,-0.008005278046915053
-0.018796193761350357,-0.018934832389812247
-0.013322338491650274,-0.013460977120112164
0.002476034298278298,0.0023373956698164084
-0.0033267805995936743,-0.003465419228055564
-0.012722222496109692,-0.012860861124571582
-0.015376633089811494,-0.015515271718273384
-0.001990328808101361,-0.0021289674365632507
-0.007692771294723699,-0.007831409923185588
-0.003910713036201881,-0.004049351664663771
0.00325871362961129,0.0031200750011494004
0.01963031331608457,0.01949167468762268
-0.031310572452771704,-0.031449211081233594
0.005741395911515688,0.005602757283053798
-0.01293078617062007,-0.01306942479908196
-0.003014743321456467,-0.003153381949918357
-0.006653645022765557,-0.0067922836512274475
-0.02449555751120675,-0.024634196139668642
-0.015220349186257347,-0.015358987814719238
0.006590400156224473,0.006451761527762583
0.026469714640219483,0.026331076011757593
0.00546514094419531,0.00532650231573342
0.012359081428261401,0.012220442799799511
0.011761669732533073,0.011623031104071183
-0.012281813041521735,-0.012420451669983625
-0.0022945086140833703,-0.00243314724254526
0.008112799129558054,0.007974160501096164
0.014801470656455748,0.014662832027993858
0.0070413788354617346,0.0069027402069998444
0.005348165525379924,0.005209526896918034
-0.0022527807714782444,-0.002391419399940134
0.0066444590586691625,0.006505820430207272
-0.015470521698177574,-0.015609160326639464
-0.003845277423316124,-0.003983916051778014
-0.009477439993556033,-0.009616078622017923
-0.01299261857503198,-0.01313125720349387
0.0012992267220394043,0.0011605880935775146
-0.0012781484803082775,-0.0014167871087701672
-0.00017057346113719352,-0.00030921208959908326
-0.001303480337541009,-0.0014421189660028986
0.0016787271490430573,0.0015400885205811676
-0.008728851163841058,-0.008867489792302948
-0.0019569869512983725,-0.002095625579760262
-0.006706483987923922,-0.0068451226163858125
-0.0021160466002088044,-0.002254685228670694
0.003244568060390541,0.003105929431928651
-0.0013628629127692537,-0.0015015015412311434
-0.02092999518040362,-0.02106863380886551
-0.006450578208885907,-0.006589216837347797
-0.009352475503292082,-0.009491114131753972
0.0012451553759820413,0.0011065167475201516
-0.0004901037186859227,-0.0006287423471478125
-0.005795857970706522,-0.005934496599168412
0.003989787697654281,0.0038511490691923917
-0.007622986877965231,-0.007761625506427121
-0.01336699782212157,-0.01350563645058346
-0.012953725089042587,-0.013092363717504477
-0.011666199733628167,-0.011804838362090057
-0.01634271661994149,-0.01648135524840338
-0.01155563832023585,-0.01169427694869774
-0.00905819434136618,-0.00919683296982807
-0.02345793901584608,-0.02359657764430797
0.013591790558529873,0.013453151930067983
0.00975954254743123,0.00962090391896934
-0.002273718202868784,-0.0024123568313306736
0.0066375408107303266,0.006498902182268436
-0.0005895370382324096,-0.0007281756666942993
0.0024405079109759147,0.002301869282514025
0.016127435731495037,0.015988797103033147
-0.0003278162927440351,-0.00046645492120592485
-0.005555075227814081,-0.0056937138562759716
-0.014224870353872147,-0.014363508982334038
0.010302973851694762,0.010164335223232871
-0.00894997219781647,-0.00908861082627836
-0.004734514642463151,-0.004873153270925041
-0.0024185712070657036,-0.0025572098355275933
-0.00021605977244759883,-0.0003546984009094886
0.005181326910838617,0.005042688282376727
-0.01131743006263085,-0.01145606869109274
0.01750360814452393,0.01736496951606204
0.009780825184665307,0.009642186556203417
0.00035837020459546123,0.0002197315761335715
-0.014861624812723483,-0.015000263441185373
-0.005073068674732908,-0.005211707303194798
-0.015175277355339325,-0.015313915983801215
-0.009893344061434632,-0.010031982689896522
0.005946202703796499,0.005807564075334609
-0.008090222425051542,-0.008228861053513432
0.010393492872268813,0.010254854243806923
-0.001189557563307627,-0.0013281961917695167
0.0011260656334788767,0.000987427005016987
-0.004551565397143696,-0.004690204025605586
0.012872723311917716,0.012734084683455826
0.0017264049609862088,0.001587766332524319
0.0012053516403088297,0.00106671301184694
0.004819462905581102,0.004680824277119212
-0.012944960378896109,-0.013083599007358
-0.006337282223271204,-0.006475920851733094
0.007994648110324035,0.007856009481862145
-0.00011592082376940169,-0.00025455945223129144
0.00013591035203041861,-2.7282764314711294e-06
0.0045710618256938835,0.004432423197231993
-0.005485305621718955,-0.005623944250180845
-4.707546252627543e-05,-0.00018571409098816518
0.0009787812056380283,0.0008401425771761386
-0.012000325910597501,-0.012138964539059391
-0.0028562605640481964,-0.002994899192510086
-0.006576106748915223,-0.006714745377377113
0.008586641567510846,0.008448002939048956
-0.01804480398262654,-0.01818344261108843
-0.018388678067089506,-0.018527316695551396
-0.011504025791224528,-0.011642664419686418
-0.01558276443123496,-0.01572140305969685
-0.0025739897655913005,-0.00271262839405319
0.0038088711021154673,0.0036702324736535776
-0.00258523882764239,-0.0027238774561042798
-0.00031867242686166384,-0.0004573110553235536
0.00577770244345456,0.00563906381499267
0.015517490893559898,0.015378852265098008
-0.0005538338094586492,-0.000692472437920539
-0.006305368153181084,-0.006444006781642974
-0.011749286403970933,-0.011887925032432823
-0.0006973896325055173,-0.0008360282609674071
0.009440808829805967,0.009302170201344077
-0.006391581111958571,-0.006530219740420461
-0.0027133844088922158,-0.0028520230373541055
-0.0010061155412288004,-0.00114475416969069
-0.010525778119791598,-0.010664416748253488
-0.012809395979768514,-0.012948034608230404
-0.006626500669725011,-0.006765139298186901
-0.01905414562290698,-0.01919278425136887
0.01907365568756237,0.01893501705910048
0.0031818543568767825,0.003043215728414893
0.0072988498524673385,0.007160211224005448
-0.007180579305559326,-0.0073192179340212165
-0.011279565575398212,-0.011418204203860102
-0.006327315145523764,-0.006465953773985654
-0.008591636549860953,-0.008730275178322843
-0.0027034464528957474,-0.002842085081357637
0.00496125995559728,0.00482262132713539
-0.0002733809206705013,-0.00041201954913239105
-0.007753773812053308,-0.007892412440515197
-0.0013095882935638048,-0.0014482269220256944
0.002786104309634011,0.002647465681172121
-0.013686176436608135,-0.013824815065070025
-0.00040488743133375966,-0.0005435260597956495
-0.004307533129239128,-0.004446171757701018
0.008035171935543364,0.007896533307081474
-0.013234125956993442,-0.013372764585455332
0.005247537252188711,0.005108898623726821
-0.0005010136961605794,-0.0006396523246224692
-0.002186570744131721,-0.002325209372593611
0.007052005096595843,0.006913366468133953
-0.02422802258635259,-0.02436666121481448
0.0036197843536025726,0.003481145725140683
-0.00032425830312804985,-0.0004628969315899396
-0.019233012123493477,-0.019371650751955367
-0.00120707324365635,-0.0013457118721182397
-0.00023661471211834846,-0.0003752533405802382
-0.013840050873692094,-0.013978689502153984
-0.006448653575233652,-0.006587292203695542
0.008930775927362224,0.008792137298900334
-0.02694788019029438,-0.02708651881875627
-0.0040885681747313265,-0.004227206803193217
0.0016963487436819343,0.0015577101152200446
-0.009173525516613063,-0.009312164145074953
0.00765793331805551,0.00751929468959362
0.0030489732042565825,0.002910334575794693
0.008982751662056346,0.008844113033594456
-0.026750833393028754,-0.026889472021490644
0.008042550755859792,0.007903912127397902
0.004834673241491723,0.004696034613029833
-0.006566547714468953,-0.006705186342930843
0.0017000760466739507,0.001561437418212061
-0.002268162649783241,-0.0024068012782451306
-0.023723105130188084,-0.023861743758649974
-0.012570544826208365,-0.012709183454670255
-0.005758913054149078,-0.005897551682610968
0.005463811771808314,0.005325173143346424
-0.009537450978113994,-0.009676089606575884
-0.014583414515210476,-0.014722053143672366
-0.0021702824807874836,-0.0023089211092493732
0.00036826275380638787,0.00022962412534449812
-0.00018803147188825687,-0.00032667010035014664
0.002796669801582148,0.0026580311731202585
0.0169051350039258,0.01676649637546391
-0.008097462547584087,-0.008236101176045977
-0.02293690737370468,-0.02307554600216657
-0.014970697602118952,-0.015109336230580842
-0.013074630311624754,-0.013213268940086644
-0.00614008736756398,-0.00627872599602587
-0.0007984556007930912,-0.000937094229254981
-0.012869231884652901,-0.013007870513114791
-0.017538620050036518,-0.017677258678498408
-0.00906290640239473,-0.00920154503085662
0.00047266905681545213,0.0003340304283535624
-0.01823904117663238,-0.01837767980509427
0.012955039509900393,0.012816400881438502
-0.013805301144981881,-0.013943939773443772
0.0026086807794300482,0.0024700421509681585
-0.011174985885287802,-0.011313624513749692
-0.002167298611397672,-0.0023059372398595616
0.00036902639007732125,0.0002303877616154315
0.010376120424617068,0.010237481796155178
0.012398572181699583,0.012259933553237692
7.46284097330617e-05,-6.401021872882804e-05
-0.012995764471409666,-0.013134403099871557
0.0037757912710169273,0.0036371526425550377
0.002169963258988413,0.0020313246305265235
-0.011816015688934669,-0.011954654317396559
0.010932101887936254,0.010793463259474364
0.0025085285165976703,0.0023698898881357807
-0.005979446378439789,-0.006118085006901679
0.0019216734449801853,0.0017830348165182956
-0.008272585506545173,-0.008411224135007063
0.01611399173130033,0.01597535310283844
-0.007027742078388976,-0.007166380706850866
0.01147718397891297,0.01133854535045108
-0.008025326380659158,-0.008163965009121048
-0.0037319157001603734,-0.003870554328622263
-0.007555088156022735,-0.007693726784484625
0.007055700162203204,0.006917061533741314
0.006864923261055783,0.006726284632593893
-0.006598576272761089,-0.006737214901222979
-0.005025885795013353,-0.005164524423475243
-0.0047028318040317416,-0.004841470432493632
-0.00281413968825051,-0.0029527783167124
0.009549203122341154,0.009410564493879264
0.014041538169783208,0.013902899541321317
0.004146628777907661,0.004007990149445771
-0.005033665012944564,-0.0051723036414064545
-0.013940707579870178,-0.014079346208332068
-0.009297338349550342,-0.009435976978012232
0.0009781614354839904,0.0008395228070221007
-0.003972997314056746,-0.004111635942518636
-0.0030837111464713457,-0.0032223497749332354
0.010763421271348151,0.010624782642886261
-0.014466615194551741,-0.014605253823013632
-0.007618872798258714,-0.007757511426720604
-0.007848485072023155,-0.007987123700485045
0.0028262080365572214,0.0026875694080953317
-0.004805698202082726,-0.004944336830544616
-0.014391421812250014,-0.014530060440711904
-0.01512326846280698,-0.01526190709126887
-0.005885634926593477,-0.006024273555055367
-0.004718789707528116,-0.004857428335990006
0.0015829534118283175,0.0014443147833664279
0.0020051001805145036,0.001866461552052614
-0.0008842097799298525,-0.0010228484083917423
0.005391432222938728,0.005252793594476838
-0.013263766838084888,-0.013402405466546778
0.016692178060444766,0.016553539431982876
-0.010545681728581505,-0.010684320357043395
-0.021689361730708172,-0.021828000359170062
-0.008265963894788238,-0.008404602523250128
0.012696467431383399,0.012557828802921509
-0.0045979901978143445,-0.004736628826276235
-0.021320662301977347,-0.021459300930439237
0.006797155873391401,0.006658517244929511
-0.011379721383442416,-0.011518360011904306
0.0050713527118409025,0.004932714083379012
0.01947114448255204,0.01933250585409015
-0.006581334278256451,-0.006719972906718341
-0.012055592140678034,-0.012194230769139924
-0.00723972136276604,-0.00737835999122793
-0.010404275824654594,-0.010542914453116484
0.0058080013985189445,0.005669362770057054
0.0076931740496326406,0.00755453542117075
-0.016018828341166216,-0.016157466969628106
9.065467403851956e-05,-4.798395442337019e-05
-0.0041784673621870026,-0.004317105990648893
-0.007063887871026696,-0.007202526499488586
-0.0025092498458599154,-0.002647888474321805
-0.021356217953098576,-0.021494856581560466
-0.02367357442210283,-0.02381221305056472
-0.0022319253088464498,-0.0023705639373083395
-0.0050683440559964,-0.00520698268445829
-0.012321596672446334,-0.012460235300908224
-0.015547269901817238,-0.015685908530279128
-0.013524907681367198,-0.013663546309829088
-0.0051204766646186185,-0.005259115293080509
0.00859014412680256,0.00845150549834067
-0.010808950582117139,-0.010947589210579029
-0.009836605217977605,-0.009975243846439495
0.0075359999284107995,0.007397361299948909
0.0019042645427139507,0.001765625914252061
0.012994779516796747,0.012856140888334857
-0.006338570678652242,-0.006477209307114132
-0.010576061886665683,-0.010714700515127573
-0.0019420699194136364,-0.0020807085478755263
-0.004930922804552437,-0.005069561433014327
-0.0023860489985810733,-0.002524687627042963
-0.002499852702631586,-0.0026384913310934757
-0.02715801847584129,-0.02729665710430318
-0.007364078546700209,-0.007502717175162099
-0.011246303121632717,-0.011384941750094607
0.010352613895077281,0.010213975266615391
-0.005608587232734838,-0.005747225861196728
0.005145431296682033,0.005006792668220143
-0.011477843374020807,-0.011616482002482697
0.004284700187624456,0.004146061559162566
-0.008933187241361908,-0.009071825869823798
-0.01114480275432401,-0.0112834413827859
-0.02186568860604935,-0.02200432723451124
0.007925442645229475,0.007786804016767585
-0.005011809047273201,-0.005150447675735091
0.007339374518486297,0.007200735890024407
-0.011510481820304628,-0.011649120448766518
0.006430970404073602,0.006292331775611712
0.007040927837926749,0.0069022892094648585
-0.006265998580750122,-0.006404637209212012
-0.013835600835332567,-0.013974239463794457
-0.004542675863194844,-0.004681314491656734
-0.00856932149373009,-0.00870796012219198
0.00027335841784790143,0.00013471978938601168
-0.0064932933564295576,-0.006631931984891448
-0.016274262464516874,-0.016412901092978764
-0.0009149665676054477,-0.0010536051960673375
-0.008744357700688906,-0.008882996329150796
-0.006312139509811969,-0.006450778138273859
-0.020007608040133934,-0.020146246668595824
-0.01940909316550504,-0.01954773179396693
0.013863173144371846,0.013724534515909955
0.001815705193933764,0.0016770665654718742
-0.012889833790816466,-0.013028472419278356
0.0038789901511986284,0.0037403515227367387
-0.0006403193340367253,-0.0007789579624986151
-0.012085149996566269,-0.012223788625028159
-0.00476409676309503,-0.00490273539155692
-0.006582444948015183,-0.006721083576477073
0.009500460335719982,0.009361821707258092
-0.004906240656204019,-0.005044879284665909
0.006363536069213367,0.006224897440751477
-0.005987738432709863,-0.006126377061171753
0.009940805943587714,0.009802167315125824
0.002327545975247466,0.0021889073467855763
0.01608560649297527,0.01594696786451338
-0.012174959859890538,-0.012313598488352428
-0.011430777362527298,-0.011569415990989188
-0.00930337725727129,-0.00944201588573318
-0.001064229799631372,-0.0012028684280932617
-0.0006534457920936396,-0.0007920844205555294
-0.0009537467840027412,-0.001092385412464631
-0.000999977361617893,-0.0011386159900797826
0.006702413989151472,0.0065637753606895815
0.008351929545438586,0.008213290916976696
-0.013709273088803747,-0.013847911717265637
-0.02103663374629686,-0.02117527237475875
-0.0017556250328777895,-0.0018942636613396792
0.0016408517311822985,0.0015022131027204089
-0.0018042386095415996,-0.0019428772380034893
0.001421679631391629,0.0012830410029297393
-0.008287229595510742,-0.008425868223972632
0.007294154599965127,0.007155515971503237
0.0021401454236056284,0.0020015067951437387
0.014181623527465324,0.014042984899003434
-0.005128091643319278,-0.005266730271781168
-0.007653542211759352,-0.0077921808402212425
-0.010569014104239872,-0.010707652732701762
-0.0032264270522055,-0.0033650656806673896
0.004709543102264492,0.004570904473802602
0.00609627739254733,0.00595763876408544
-0.008851144046870867,-0.008989782675332757
0.0018626945706247387,0.001724055942162849
-0.014814052904571785,-0.014952691533033675
-0.0040737760154773,-0.00421241464393919
-0.011918170979775594,-0.012056809608237485
-0.0036640058642674793,-0.003802644492729369
0.00583560381054841,0.0056969651820865195
-0.003021109272755324,-0.0031597479012172138
0.006877712428947108,0.006739073800485218
-0.009606275686327772,-0.009744914314789662
0.003799972831601386,0.003661334203139496
-0.008392680502186325,-0.008531319130648215
-0.010404943655237732,-0.010543582283699622
-0.020823273098302262,-0.020961911726764152
-0.011181670934059319,-0.011320309562521209
-0.013490056110435324,-0.013628694738897214
-0.01576363572824091,-0.0159022743567028
-0.009050654546406882,-0.009189293174868772
0.013324056559836955,0.013185417931375065
0.01655267268569079,0.0164140340572289
-0.01576786215469913,-0.01590650078316102
0.0072101210775785745,0.007071482449116684
0.010846144042732736,0.010707505414270846
0.0003510427590061157,0.00021240413054422595
0.01160579109455364,0.01146715246609175
0.0015699610587437238,0.001431322430281834
-0.005111499618760489,-0.005250138247222379
-0.02074901120511217,-0.02088764983357406
-0.00935183691547718,-0.00949047554393907
-0.0009995453832645446,-0.0011381840117264343
-0.011316726222272408,-0.011455364850734298
-0.016051411443498517,-0.016190050071960407
0.007509272406036561,0.007370633777574671
-0.009606473519151086,-0.009745112147612976
0.015745733068657963,0.015607094440196072
-0.003081829169351412,-0.003220467797813302
0.0011602962929286819,0.0010216576644667922
0.0018238000796455172,0.0016851614511836275
0.01314480329533228,0.01300616466687039
-0.001463907996384094,-0.0016025466248459836
-0.0010963392804523421,-0.0012349779089142318
-0.0038116659800949064,-0.003950304608556796
-0.011775949579089482,-0.011914588207551372
-0.005028521094881351,-0.005167159723343241
-0.0012830990106410347,-0.0014217376391029244
-0.0013468153898756581,-0.0014854540183375478
0.00046934876512152264,0.0003307101366596329
-0.01032231648465146,-0.01046095511311335
0.006939977401048521,0.006801338772586631
-0.01757984384700484,-0.01771848247546673
-0.011540492864483788,-0.011679131492945678
-0.012957256815083302,-0.013095895443545192
-0.013488226781945077,-0.013626865410406967
-0.01844150310900977,-0.01858014173747166
-0.004534457760534053,-0.004673096388995943
-0.0047350448878347735,-0.004873683516296664
-0.006140684725212547,-0.006279323353674437
-0.017454331903375184,-0.017592970531837074
0.005843997678489398,0.005705359050027508
-0.002815684168906195,-0.002954322797368085
-0.007156842070682061,-0.007295480699143951
0.01838859028054158,0.01824995165207969
-0.012827836277372532,-0.012966474905834422
0.01415692183673582,0.01401828320827393
0.006068588643134385,0.005929950014672495
0.011209662912822382,0.011071024284360492
-0.0148338145468418,-0.01497245317530369
-0.0030729765826721187,-0.0032116152111340084
-0.007166893328267238,-0.007305531956729128
-0.01013840669462028,-0.01027704532308217
-0.00721377292572227,-0.00735241155418416
-0.01571432475976062,-0.01585296338822251
-0.013762745278572141,-0.013901383907034031
-0.009422688209936834,-0.009561326838398724
-0.013940795449519086,-0.014079434077980976
0.0001126189433254672,-2.601968513642254e-05
0.0004001244777973704,0.00026148584933548063
0.0005930325057058057,0.000454393877243916
-0.004341368338986541,-0.004480006967448431
-0.01997644253068358,-0.02011508115914547
0.001286179773046578,0.0011475411445846884
0.00180379711287227,0.0016651584844103802
-0.007589116439485942,-0.0077277550679478325
0.02679624197079085,0.02665760334232896
-0.010046927276746274,-0.010185565905208164
-0.0053968692024796636,-0.005535507830941554
-0.0033186966323945277,-0.0034573352608564174
-0.0019578679478659696,-0.0020965065763278593
0.013144355405682923,0.013005716777221033
-0.010561388054107862,-0.010700026682569752
-0.019108543926108203,-0.019247182554570093
0.001144562790756848,0.0010059241622949583
-0.0036080456854304696,-0.0037466843138923593
0.010133622510600994,0.009994983882139104
0.01127405602499728,0.01113541739653539
0.01814399438679945,0.01800535575833756
0.0064915296585876595,0.006352891030125769
0.0009949852805287863,0.0008563466520668966
-0.002683214047737849,-0.0028218526761997387
-0.0006005431422619231,-0.0007391817707238129
-0.010481481398017498,-0.010620120026479388
0.008174888926998962,0.008036250298537072
0.00331909964853298,0.0031804610200710905
-0.010982484658035217,-0.011121123286497107
-0.018773233754808348,-0.018911872383270238
-0.011050052239509053,-0.011188690867970943
-0.0013608893243815304,-0.0014995279528434201
-0.010533952944201789,-0.010672591572663679
-0.016245668474501016,-0.016384307102962906
2.964094400412723e-05,-0.00010899768445776252
-0.0056716404144045674,-0.005810279042866458
0.01767402497840283,0.01753538634994094
-0.004411914060372411,-0.0045505526888343015
-0.017400492737171657,-0.017539131365633547
-0.012499021021249886,-0.012637659649711776
0.0017079418210692386,0.0015693031926073489
-0.004962302709461631,-0.005100941337923521
-0.00419697682586889,-0.00433561545433078
-0.0016463985861065566,-0.0017850372145684463
-0.004781440267384863,-0.004920078895846753
-0.00814969774916397,-0.00828833637762586
0.003993858153930122,0.0038552195254682327
0.001972323067312962,0.0018336844388510722
-0.01391201591159277,-0.01405065454005466
-0.005547359391135711,-0.005685998019597601
0.007860973960120275,0.007722335331658385
0.0023951296394825352,0.0022564910110206456
-0.004116559723257254,-0.004255198351719144
0.0029278795238672213,0.0027892408954053316
0.017360533894432296,0.017221895265970406
-0.004655634352492919,-0.004794272980954809
0.005192189256968709,0.005053550628506819
-0.01484226874124799,-0.01498090736970988
0.005644826328382155,0.005506187699920265
0.003944674976800375,0.0038060363483384857
-0.014438317629749176,-0.014576956258211066
-0.015471836717597158,-0.015610475346059048
0.007681426497945037,0.0075427878694831465
-0.0020724455788015917,-0.0022110842072634814
0.020094663356436348,0.019956024727974458
-0.01718900834360796,-0.01732764697206985
0.010404623348515243,0.010265984720053353
-0.011097877621743446,-0.011236516250205336
0.00832783202773239,0.0081891933992705
0.001257905169184461,0.0011192665407225714
-0.012966134432027711,-0.013104773060489601
0.0018602819040335593,0.0017216432755716696
0.019115741239092328,0.018977102610630438
-0.005506903320143854,-0.005645541948605744
-0.006305238890883502,-0.006443877519345392
0.012429211213887053,0.012290572585425163
-0.00599077860148054,-0.00612941722994243
-0.010672223911752772,-0.010810862540214662
0.001899587914099667,0.0017609492856377773
-0.016390366364679672,-0.016529004993141562
-0.01904865285720503,-0.01918729148566692
0.0014905579297104703,0.0013519193012485806
-0.0009032652997401293,-0.001041903928202019
0.0022808781408878427,0.002142239512425953
0.0038530985242147533,0.0037144598957528636
-0.0040652345352036184,-0.0042038731636655086
-0.00812180401829013,-0.00826044264675202
0.003379633819771715,0.003240995191309825
0.0017233700845562716,0.001584731456094382
-0.007305106734266037,-0.007443745362727927
0.0001922074363678674,5.3568807905977645e-05
-0.006685615036929446,-0.006824253665391336
-0.01190443067740161,-0.0120430693058635
0.00615929667694816,0.00602065804848627
0.006971581880917043,0.0068329432524551524
0.0025672603336497637,0.002428621705187874
-0.007197351345058498,-0.007335989973520388
-0.002924676717797188,-0.003063315346259078
0.010577061341390876,0.010438422712928986
0.004046338534374038,0.003907699905912148
0.0005190414995379241,0.00038040287107603434
0.012342021071118167,0.012203382442656277
0.010232398447118707,0.010093759818656817
-0.005325393246721314,-0.005464031875183204
-0.005032176992914294,-0.0051708156213761845
-0.003850523507016534,-0.003989162135478424
0.011113660504729174,0.010975021876267284
-0.006377173991270237,-0.006515812619732127
0.003570788127540447,0.0034321494990785574
-0.007465179588966845,-0.007603818217428735
-0.001505213233333349,-0.0016438518617952387
-0.0020508845754326627,-0.0021895232038945524
0.006814823490193645,0.0066761848617317545
-0.009786371199616882,-0.009925009828078772
-0.006197350770220417,-0.006335989398682307
-0.012175836108188027,-0.012314474736649917
-0.0074626923378023615,-0.007601330966264252
-0.003204847688262158,-0.0033434863167240477
0.0009588964201416712,0.0008202577916797814
0.006318305895241383,0.006179667266779493
-0.012002498352926981,-0.012141136981388871
0.01259816016325382,0.01245952153479193
0.008616042113008999,0.008477403484547109
0.0016548277382936283,0.0015161891098317386
-0.010209031495822569,-0.01034767012428446
-0.02545113920336889,-0.02558977783183078
0.00017266055550347508,3.4021927041585334e-05
-0.015975168403027793,-0.016113807031489683
0.008777363293729929,0.008638724665268039
3.3052438572567824e-05,-0.00010558618988932192
-0.011666881273777685,-0.011805519902239575
0.0020423685597596064,0.0019037299312977167
-0.002727928267703258,-0.002866566896165148
-0.0022505341130504395,-0.002389172741512329
0.0021587256354709343,0.0020200870070090447
-0.009520072571947022,-0.009658711200408912
0.005744517752278601,0.005605879123816711
0.00030125614042122073,0.00016261751195933099
0.006280640417391343,0.006142001788929453
0.006099293823151381,0.005960655194689491
-0.0007972459968480297,-0.0009358846253099194
-0.0012010856770561923,-0.001339724305518082
0.001130171970731217,0.0009915333422693274
-0.0009616887253997445,-0.0011003273538616343
-0.028243316940012714,-0.028381955568474605
-0.025168749507657545,-0.025307388136119435
0.006045892943551239,0.0059072543150893485
-0.005962416409532411,-0.0061010550379943015
0.0010202363542692182,0.0008815977258073285
0.016536303866615462,0.016397665238153572
0.0031450826448352516,0.003006444016373362
-0.005605357067301618,-0.0057439956957635084
0.007070517317419241,0.006931878688957351
-0.004673606440314847,-0.0048122450687767375
-0.02050166264764511,-0.020640301276107
-0.0028218693277286444,-0.002960507956190534
-0.005237219130947207,-0.005375857759409097
-0.0116895820697221,-0.01182822069818399
-0.0004645909930267838,-0.0006032296214886735
0.003816140914118707,0.0036775022856568172
-0.005432562864492688,-0.005571201492954578
-0.003609264739266035,-0.003747903367727925
-0.003288702777957227,-0.0034273414064191167
-0.016310567346584526,-0.016449205975046417
0.007596530405211104,0.007457891776749214
-0.002684073669007631,-0.0028227122974695206
0.004700410925547203,0.0045617722970853125
-0.004912617693420181,-0.005051256321882071
-0.006169984183438394,-0.006308622811900284
-0.022966779577881388,-0.02310541820634328
-0.0080774126533844,-0.00821605128184629
-0.0020933133407962596,-0.0022319519692581492
0.000451718319361864,0.00031307969089997424
-0.0056220506385670395,-0.00576068926702893
0.004843689490357016,0.004705050861895126
-0.0063488361699447285,-0.006487474798406619
-0.011118720136390578,-0.011257358764852468
0.005471620920114863,0.005332982291652973
-0.014700366720099695,-0.014839005348561585
-0.015159337945230372,-0.015297976573692262
-0.002889266438526946,-0.0030279050669888355
0.01140033759218867,0.01126169896372678
-0.0021325643219857124,-0.002271202950447602
-0.0065760705379365415,-0.006714709166398432
0.0024825068972848113,0.0023438682688229216
0.003631083304617263,0.0034924446761553734
-0.011799393216217258,-0.011938031844679148
0.0025919969508834363,0.0024533583224215466
-0.010123549388961987,-0.010262188017423877
-0.010987862377278146,-0.011126501005740036
-0.0135506071707045,-0.01368924579916639
-0.009116366970931666,-0.009255005599393556
-0.0036223268170824502,-0.00376096544554434
-0.005590797016993401,-0.005729435645455291
-0.013551136024316915,-0.013689774652778805
0.007179661296937169,0.007041022668475279
0.0014865671716443561,0.0013479285431824664
-0.008004836924290154,-0.008143475552752045
0.010718623730938834,0.010579985102476944
-0.005542533321830894,-0.005681171950292784
-0.011145795143555732,-0.011284433772017622
0.0002867517518208766,0.00014811312335898688
-0.00868009325992501,-0.0088187318883869
-0.01441642737134832,-0.01455506599981021
0.002814037960158382,0.0026753993316964925
-0.003141600592835443,-0.003280239221297333
-0.013194842376681089,-0.01333348100514298
-0.029094156643138476,-0.029232795271600366
-0.007576392138582444,-0.007715030767044334
-0.01591646920702099,-0.01605510783548288
0.0073309376909937995,0.007192299062531909
0.0015411796509002677,0.001402541022438378
0.008712216777839413,0.008573578149377523
0.006860104365374879,0.006721465736912989
-0.02779509810735645,-0.02793373673581834
0.0015900846598666917,0.001451446031404802
-0.010776444126467596,-0.010915082754929487
0.017430559130348557,0.017291920501886666
-0.00620681742034041,-0.0063454560488023
-0.01407411742569424,-0.014212756054156131
-0.01000961676157255,-0.01014825539003444
0.007075132037475944,0.006936493409014054
0.00016288550050494804,2.42468720430583e-05
0.008970141753487277,0.008831503125025387
-0.003894547530569455,-0.004033186159031345
0.021956274301315543,0.021817635672853653
-0.005336000391856037,-0.005474639020317927
0.02192696494338008,0.02178832631491819
-0.010135626604514256,-0.010274265232976146
-0.00336190485036732,-0.00350054347882921
-0.0017505443562876638,-0.0018891829847495535
-0.008936470509504246,-0.009075109137966136
0.0005710125943022153,0.0004323739658403255
-0.0015083632748790251,-0.0016470019033409148
0.0043186135923826965,0.004179974963920806
-0.0075046076923115015,-0.007643246320773392
-0.0024556540083113462,-0.002594292636773236
-0.0009645672889003132,-0.001103205917362203
-0.0006546085985385816,-0.0007932472270004713
0.0024554608226328733,0.0023168221941709836
0.0002696762200950919,0.00013103759163320215
0.00267576279228294,0.0025371241638210505
0.004512622548267009,0.004373983919805119
-0.016444672749518937,-0.016583311377980827
-0.01780151251661358,-0.01794015114507547
-0.0180342904332597,-0.01817292906172159
-0.0029551007838484323,-0.003093739412310322
-0.008923048588599833,-0.009061687217061723
-0.004054970817731504,-0.004193609446193394
-0.0060867690343095505,-0.006225407662771441
0.007932628903033465,0.0077939902745715745
-0.0019050270012141292,-0.002043665629676019
0.003224082641504396,0.0030854440130425064
-0.028985770960808777,-0.029124409589270667
-0.005883280374388315,-0.006021919002850205
0.0022871744721400956,0.002148535843678206
0.00966183838569615,0.00952319975723426
-0.010236426835422514,-0.010375065463884404
0.0004441361463607975,0.00030549751789890774
-0.0025680660851285027,-0.0027067047135903924
0.0016004493779091919,0.0014618107494473022
-0.00313348905968638,-0.00327212768814827
0.004018219627242476,0.003879580998780586
0.003451915364999332,0.003313276736537442
0.01433453832539981,0.01419589969693792
0.0019043962153588506,0.001765757586896961
0.010138846109916864,0.010000207481454974
-0.009140368940944206,-0.009279007569406096
0.00526311560813756,0.00512447697967567
-0.0011542764766999617,-0.0012929151051618514
0.003240641797814286,0.003102003169352396
0.0045425265559777845,0.004403887927515894
-0.005818197787164496,-0.005956836415626386
-0.00769430468650031,-0.007832943314962199
-0.00917986867409881,-0.0093185073025607
0.0006123166950476166,0.00047367806658572684
0.008591048927573914,0.008452410299112024
0.001981424189833604,0.0018427855613717143
-0.009669046276698562,-0.009807684905160452
-0.015669328122064178,-0.015807966750526068
-0.010421387648991722,-0.010560026277453612
0.015910367358091336,0.015771728729629446
-0.01438650329100465,-0.01452514191946654
-0.010432305541170465,-0.010570944169632356
-0.01028008700070345,-0.01041872562916534
-0.0012864616072167845,-0.0014251002356786742
0.020970357772030757,0.020831719143568867
-0.002369654089379446,-0.0025082927178413355
-0.004287466135718211,-0.004426104764180101
-0.010483727615783279,-0.010622366244245169
0.007908019949915867,0.007769381321453977
-0.008553282450028874,-0.008691921078490764
0.003057973298196298,0.002919334669734408
-0.0018861933297507215,-0.002024831958212611
-0.011411344516987719,-0.011549983145449609
0.006820382985568882,0.006681744357106992
-0.006125240922161686,-0.006263879550623576
0.005947908670206846,0.005809270041744956
0.0037411726199062284,0.0036025339914443387
-0.016011449446759213,-0.016150088075221104
0.0035307345285793207,0.003392095900117431
0.005805764450623148,0.005667125822161258
0.007898422592283622,0.007759783963821732
-0.005692860813933218,-0.005831499442395108
-0.008088760633994763,-0.008227399262456653
-0.006830828477059453,-0.006969467105521343
0.010569437995201037,0.010430799366739147
-0.004015685340895682,-0.004154323969357572
0.0032822890169192866,0.003143650388457397
-0.0011255537848259929,-0.0012641924132878826
0.0006598420243899917,0.000521203395928102
-0.017634771641606248,-0.017773410270068138
-0.012833202387439397,-0.012971841015901287
0.00443701911183135,0.00429838048336946
0.0046864094042869,0.00454777077582501
-0.001301625177229168,-0.0014402638056910577
-0.0020163318782209665,-0.0021549705066828562
-0.0075649807118939,-0.0077036193403557905
-0.010455683072430619,-0.01059432170089251
-0.0011329670276270854,-0.0012716056560889751
0.0011791902277809789,0.0010405515993190892
-0.011931839445979042,-0.012070478074440932
0.008803030950723665,0.008664392322261774
-0.010734112393566742,-0.010872751022028632
-0.00047834404019714505,-0.0006169826686590348
-0.0033861310392447187,-0.0035247696677066084
0.017882628126844158,0.017743989498382268
-0.014643388603127638,-0.014782027231589528
-0.013915421406561188,-0.014054060035023078
0.001988100779232687,0.0018494621507707974
0.00911066743643503,0.00897202880797314
-0.005334614871642627,-0.005473253500104517
0.01035197170119363,0.01021333307273174
0.005661415095977553,0.0055227764675156625
0.006344121426620125,0.006205482798158235
-0.0033285403961102766,-0.0034671790245721663
0.003111988244448294,0.0029733496159864044
-0.005610920292985368,-0.005749558921447258
-0.0031790377295170696,-0.0033176763579789593
-0.000406932364363108,-0.0005455709928249978
-0.022175492252651283,-0.022314130881113173
0.0026985489688127868,0.002559910340350897
-0.0065053375367334085,-0.006643976165195299
-0.003634346397837102,-0.0037729850262989916
-0.003386205396487856,-0.003524844024949746
-0.0036041376323868585,-0.003742776260848748
-0.016586306511459665,-0.016724945139921555
-0.001990437077587209,-0.0021290757060490988
-0.013308200193370192,-0.013446838821832082
0.004965842180415685,0.004827203551953795
-0.013783674116516655,-0.013922312744978545
0.008534545175886489,0.008395906547424599
-0.004067334227283296,-0.004205972855745186
-0.015328826878413644,-0.015467465506875534
-0.010962122890705814,-0.011100761519167704
-0.017582313546886663,-0.017720952175348553
-0.007907439592960317,-0.008046078221422207
-0.009642607745646103,-0.009781246374107993
-0.021057704820723767,-0.021196343449185657
0.003039767504161133,0.0029011288756992434
0.005327967568025313,0.005189328939563423
0.005193936390894681,0.005055297762432791
-0.016323764875679228,-0.016462403504141118
0.0029705541423548196,0.00283191551389293
-0.005841325470699097,-0.0059799640991609875
-0.0016321369398653027,-0.0017707755683271924
0.0017206738073126558,0.001582035178850766
-0.015206692217944401,-0.015345330846406291
0.0018177730646415763,0.0016791344361796866
-0.0026028377887152235,-0.0027414764171771132
0.006389406764675425,0.006250768136213535
-0.004384104755840821,-0.004522743384302711
-0.012828712060083796,-0.012967350688545686
0.0014821473876697275,0.0013435087592078379
-0.015759869524490933,-0.015898508152952823
-0.005584630133104812,-0.005723268761566702
0.001248718997860654,0.0011100803693987642
-0.009020736770071877,-0.009159375398533768
-0.009299313066634835,-0.009437951695096725
-0.01688801610743284,-0.01702665473589473
-0.011549382408710946,-0.011688021037172836
-0.003947244443013794,-0.004085883071475684
-0.007393360259302216,-0.007531998887764106
-0.0006795726508746152,-0.000818211279336505
0.011353762370678424,0.011215123742216533
0.010891891892337479,0.010753253263875589
0.006184682806319076,0.006046044177857186
-0.011913025272346946,-0.012051663900808836
-0.005516236401696831,-0.005654875030158721
0.001244598745369245,0.0011059601169073553
-0.014503992763940042,-0.014642631392401932
0.005484348978262119,0.005345710349800229
0.007864599795992824,0.0077259611675309335
0.02270456110276544,0.02256592247430355
0.002458146396280611,0.002319507767818721
-0.010398924594040303,-0.010537563222502194
-3.4106478606459784e-05,-0.00017274510706834952
-0.011237136809053059,-0.011375775437514949
-0.002301206849736249,-0.0024398454781981386
-0.0010290722531956671,-0.0011677108816575568
-0.009855302725214388,-0.009993941353676278
-0.008669328163346588,-0.008807966791808479
-0.019319758122957095,-0.019458396751418985
-0.00679345682663084,-0.00693209545509273
-0.0069402859285442745,-0.007078924557006165
-0.0011626938399425602,-0.0013013324684044499
0.0061707901985228325,0.006032151570060942
-0.006572578506513942,-0.006711217134975832
-0.017016085232123574,-0.017154723860585464
-0.003698325039397395,-0.003836963667859285
0.00040264795151647435,0.0002640093230545846
0.004973344774590447,0.0048347061461285566
0.013267361503548543,0.013128722875086653
-0.007151191199558602,-0.007289829828020492
0.0017535882589152709,0.0016149496304533812
-0.016499631804833777,-0.016638270433295667
-0.0015691116920101803,-0.00170775032047207
0.006690251306701425,0.006551612678239535
-0.0015686870064727406,-0.0017073256349346303
0.007066453697480728,0.006927815069018838
0.00773966098937049,0.0076010223609086
-0.02316684305302086,-0.02330548168148275
-0.01016776758813561,-0.010306406216597501
-0.010638080579862028,-0.010776719208323918
0.0017625579006697826,0.0016239192722078929
-0.005736094682765178,-0.0058747333112270685
-0.010156933514332802,-0.010295572142794692
0.005932831269132195,0.005794192640670305
-0.02540199332141975,-0.02554063194988164
0.005974879084574571,0.005836240456112681
-0.010304804323656581,-0.010443442952118472
0.002320527275397663,0.0021818886469357735
0.003897192424253163,0.003758553795791273
-0.0019916748068434117,-0.0021303134353053014
-0.00188291114831276,-0.00202154977677465
-0.015815490781317214,-0.015954129409779104
-0.01493931620338464,-0.01507795483184653
-0.01170284852925799,-0.01184148715771988
0.002864939436598566,0.002726300808136676
-0.0032880408342861717,-0.0034266794627480614
0.0020426105331140527,0.001903971904652163
0.002909358290314835,0.0027707196618529453
-0.013012910515889396,-0.013151549144351286
-0.014867912318206769,-0.015006550946668659
-0.0026995252010050957,-0.0028381638294669854
0.020656920747138294,0.020518282118676404
0.003905665733599291,0.0037670271051374014
-0.0014846937059379616,-0.0016233323343998512
-0.010493628109775579,-0.010632266738237469
-0.017170132516105663,-0.017308771144567553
0.0074031686961944015,0.007264530067732511
0.02044819612465328,0.02030955749619139
-0.004603124292349996,-0.004741762920811886
-0.002201789968127918,-0.002340428596589808
-0.01665425965896248,-0.01679289828742437
-0.001838616841961014,-0.001977255470422904
-0.009061298591750023,-0.009199937220211913
0.01065369754103419,0.0105150589125723
-0.005532513245779105,-0.005671151874240995
0.0030108335079038753,0.0028721948794419856
-0.001405437007307079,-0.0015440756357689687
-0.010942351958307586,-0.011080990586769476
-0.0005707910036197554,-0.0007094296320816452
-0.008951504206149796,-0.009090142834611686
-0.0194271703517958,-0.01956580898025769
0.005024026137619718,0.004885387509157828
-0.0024034938343092806,-0.0025421324627711702
-0.0007810938314890835,-0.0009197324599509733
0.010606123556960887,0.010467484928498997
-0.0009838458458480536,-0.0011224844743099433
-0.006825010183386243,-0.006963648811848133
0.004822669972346512,0.004684031343884622
-0.008107030082206111,-0.008245668710668001
0.015166858856825349,0.015028220228363458
0.006560028080908595,0.006421389452446705
-0.011003959962275829,-0.01114259859073772
-0.0020112835722369995,-0.0021499222006988892
-0.015793039164993427,-0.015931677793455317
0.010373874742193858,0.010235236113731968
-0.026767819026539425,-0.026906457655001315
-0.012532811902301572,-0.012671450530763462
-0.012161377132899038,-0.012300015761360928
0.008771080681258404,0.008632442052796514
-0.012359022691554344,-0.012497661320016234
-0.004692140082834197,-0.004830778711296087
-0.005917192981881011,-0.0060558316103429015
0.00834968094593849,0.0082110423174766
0.005487776485832215,0.005349137857370325
0.009052667802674875,0.008914029174212985
-0.008976673111754445,-0.009115311740216335
0.0019547500965452994,0.0018161114680834097
0.004449855462045531,0.004311216833583641
-0.013843112626227214,-0.013981751254689104
0.0016345101333928448,0.001495871504930955
0.0048341264180871285,0.004695487789625238
-0.004420655345366658,-0.004559293973828548
0.0034721180382851326,0.003333479409823243
-0.013620736773710715,-0.013759375402172605
0.007520479591324997,0.007381840962863107
-0.0007808671403557862,-0.0009195057688176759
-0.0137352450967208,-0.01387388372518269
-0.0038180016076726935,-0.003956640236134583
0.002934537933072,0.0027958993046101103
-0.004414791800765084,-0.004553430429226974
-0.011837078628235596,-0.011975717256697486
-0.003168420145513999,-0.003307058773975889
-0.017347119947834094,-0.017485758576295984
0.010100474414661545,0.009961835786199654
-0.0005920993925564009,-0.0007307380210182907
-0.009129277273391564,-0.009267915901853455
-0.020681657010394955,-0.020820295638856845
-0.012811460614570893,-0.012950099243032783
-0.02032493110486277,-0.02046356973332466
-0.00533090065686818,-0.00546953928533007
-0.00027754332539176404,-0.0004161819538536538
-0.015070280380234178,-0.015208919008696068
-0.004462564863417124,-0.004601203491879014
0.012468146426548152,0.012329507798086262
0.00825822149432448,0.00811958286586259
-0.0018086853506126448,-0.0019473239790745345
-0.009867464135876294,-0.010006102764338184
0.003318970394635027,0.0031803317661731373
0.0018931238579535511,0.0017544852294916614
-0.0065577364075897655,-0.006696375036051656
-0.005973135633409014,-0.006111774261870904
0.009157395592718233,0.009018756964256342
-0.015238049995793479,-0.015376688624255369
0.016971655873629095,0.016833017245167205
0.012506862283626423,0.012368223655164533
-0.0012572694875949116,-0.0013959081160568013
-0.006012875433468522,-0.0061515140619304125
-0.009572331962317514,-0.009710970590779404
0.0035588386812498867,0.003420200052787997
